time,choke,GL
0,50,0
100,52,0
200,52,0
300,52,0
400,54,0
500,54,0
600,56,0
700,56,0
800,56,0
900,54,0
1000,54,0
1100,54,0
1200,52,0
1300,52,0
1400,54,0
1500,54,0
1600,56,0
1700,56,0
1800,56,0
1900,58,0
2000,58,0
2100,58,0
2200,58,0
2300,60,0
2400,60,0
2500,60,0
2600,60,0
2700,62,0
2800,62,0
2900,64,0
3000,64,0
3100,62,0
3200,62,0
3300,60,0
3400,60,0
3500,60,0
3600,60,0
3700,58,0
3800,58,0
3900,58,0
4000,58,0
4100,60,0
4200,62,0
4300,62,0
4400,62,0
4500,64,0
4600,64,0
4700,64,0
4800,64,0
4900,66,0
5000,64,0
5100,64,0
5200,64,0
5300,62,0
5400,62,0
5500,62,0
5600,64,0
5700,64,0
5800,62,0
5900,64,0
6000,64,0
6100,62,0
6200,60,0
6300,60,0
6400,60,0
6500,60,0
6600,62,0
6700,62,0
6800,62,0
6900,64,0
7000,62,0
7100,62,0
7200,60,0
7300,60,0
7400,58,0
7500,56,0
7600,54,0
7700,54,0
7800,54,0
7900,54,0
8000,56,0
8100,56,0
8200,56,0
8300,58,0
8400,58,0
8500,58,0
8600,58,0
8700,60,0
8800,58,0
8900,58,0
9000,58,0
9100,60,0
9200,60,0
9300,60,0
9400,62,0
9500,60,0
9600,60,0
9700,58,0
9800,58,0
9900,60,0
10000,60,0
10100,60,0
10200,60,0
10300,62,0
10400,62,0
10500,62,0
10600,62,0
10700,64,0
10800,64,0
10900,64,0
11000,64,0
11100,62,0
11200,62,0
11300,62,0
11400,64,0
11500,64,0
11600,64,0
11700,64,0
11800,62,0
11900,62,0
12000,62,0
12100,62,0
12200,60,0
12300,60,0
12400,60,0
12500,58,0
12600,60,0
12700,60,0
12800,58,0
12900,58,0
13000,58,0
13100,58,0
13200,60,0
13300,60,0
13400,60,0
13500,60,0
13600,58,0
13700,60,0
13800,58,0
13900,58,0
14000,58,0
14100,58,0
14200,60,0
14300,60,0
14400,62,0
14500,62,0
14600,62,0
14700,62,0
14800,60,0
14900,58,0
15000,58,0
15100,58,0
15200,56,0
15300,56,0
15400,56,0
15500,56,0
15600,58,0
15700,58,0
15800,58,0
15900,56,0
16000,56,0
16100,54,0
16200,54,0
16300,52,0
16400,52,0
16500,52,0
16600,52,0
16700,54,0
16800,54,0
16900,54,0
17000,56,0
17100,56,0
17200,56,0
17300,58,0
17400,58,0
17500,58,0
17600,60,0
17700,62,0
17800,62,0
17900,62,0
18000,64,0
18100,64,0
18200,64,0
18300,62,0
18400,62,0
18500,60,0
18600,58,0
18700,58,0
18800,56,0
18900,56,0
19000,54,0
19100,54,0
19200,56,0
19300,56,0
19400,56,0
19500,56,0
19600,58,0
19700,58,0
19800,58,0
19900,60,0
20000,60,0
20100,60,0
20200,58,0
20300,58,0
20400,56,0
20500,56,0
20600,56,0
20700,56,0
20800,58,0
20900,58,0
21000,58,0
21100,60,0
21200,60,0
21300,60,0
21400,60,0
21500,62,0
21600,60,0
21700,62,0
21800,62,0
21900,62,0
22000,62,0
22100,60,0
22200,60,0
22300,58,0
22400,58,0
22500,56,0
22600,58,0
22700,58,0
22800,58,0
22900,56,0
23000,56,0
23100,56,0
23200,54,0
23300,54,0
23400,52,0
23500,52,0
23600,54,0
23700,54,0
23800,54,0
23900,54,0
24000,56,0
24100,56,0
24200,56,0
24300,58,0
24400,58,0
24500,58,0
24600,58,0
24700,56,0
24800,58,0
24900,60,0
25000,60,0
25100,60,0
25200,62,0
25300,62,0
25400,62,0
25500,62,0
25600,60,0
25700,60,0
25800,58,0
25900,58,0
26000,58,0
26100,56,0
26200,56,0
26300,56,0
26400,54,0
26500,54,0
26600,56,0
26700,58,0
26800,58,0
26900,58,0
27000,60,0
27100,60,0
27200,60,0
27300,58,0
27400,58,0
27500,58,0
27600,56,0
27700,56,0
27800,58,0
27900,58,0
28000,58,0
28100,58,0
28200,56,0
28300,54,0
28400,54,0
28500,54,0
28600,52,0
28700,52,0
28800,52,0
28900,52,0
29000,50,0
29100,48,0
29200,48,0
29300,48,0
29400,48,0
29500,46,0
29600,46,0
29700,46,0
29800,44,0
29900,44,0
30000,46,0
30100,44,0
30200,44,0
30300,42,0
30400,42,0
30500,42,0
30600,42,0
30700,40,0
30800,40,0
30900,40,0
31000,40,0
31100,38,0
31200,40,0
31300,40,0
31400,38,0
31500,38,0
31600,40,0
31700,40,0
31800,38,0
31900,40,0
32000,40,0
32100,40,0
32200,42,0
32300,42,0
32400,42,0
32500,44,0
32600,44,0
32700,42,0
32800,44,0
32900,44,0
33000,44,0
33100,42,0
33200,42,0
33300,42,0
33400,42,0
33500,44,0
33600,44,0
33700,44,0
33800,44,0
33900,42,0
34000,42,0
34100,40,0
34200,38,0
34300,38,0
34400,36,0
34500,38,0
34600,38,0
34700,38,0
34800,38,0
34900,36,0
35000,38,0
35100,38,0
35200,38,0
35300,40,0
35400,40,0
35500,40,0
35600,40,0
35700,38,0
35800,38,0
35900,38,0
36000,38,0
36100,36,0
36200,36,0
36300,36,0
36400,34,0
36500,34,0
36600,32,0
36700,32,0
36800,34,0
36900,34,0
37000,34,0
37100,34,0
37200,36,0
37300,36,0
37400,36,0
37500,36,0
37600,34,0
37700,34,0
37800,34,0
37900,36,0
38000,36,0
38100,36,0
38200,36,0
38300,34,0
38400,34,0
38500,32,0
38600,32,0
38700,32,0
38800,32,0
38900,34,0
39000,34,0
39100,34,0
39200,32,0
39300,32,0
39400,34,0
39500,34,0
39600,32,0
39700,32,0
39800,32,0
39900,32,0
40000,30,0
40100,30,0
40200,30,0
40300,30,0
40400,30,0
40500,30,0
40600,32,0
40700,32,0
40800,32,0
40900,32,0
41000,30,0
41100,30,0
41200,30,0
41300,32,0
41400,30,0
41500,32,0
41600,32,0
41700,32,0
41800,34,0
41900,36,0
42000,36,0
42100,36,0
42200,36,0
42300,38,0
42400,38,0
42500,40,0
42600,42,0
42700,40,0
42800,42,0
42900,42,0
43000,42,0
43100,40,0
43200,40,0
43300,42,0
43400,42,0
43500,42,0
43600,40,0
43700,40,0
43800,40,0
43900,42,0
44000,42,0
44100,42,0
44200,44,0
44300,44,0
44400,44,0
44500,44,0
44600,46,0
44700,44,0
44800,44,0
44900,46,0
45000,46,0
45100,46,0
45200,48,0
45300,48,0
45400,50,0
45500,50,0
45600,52,0
45700,52,0
45800,52,0
45900,50,0
46000,50,0
46100,48,0
46200,50,0
46300,50,0
46400,50,0
46500,48,0
46600,50,0
46700,50,0
46800,50,0
46900,50,0
47000,48,0
47100,46,0
47200,46,0
47300,48,0
47400,46,0
47500,46,0
47600,46,0
47700,46,0
47800,48,0
47900,48,0
48000,48,0
48100,48,0
48200,50,0
48300,50,0
48400,48,0
48500,48,0
48600,48,0
48700,48,0
48800,46,0
48900,46,0
49000,46,0
49100,48,0
49200,50,0
49300,50,0
49400,48,0
49500,48,0
49600,48,0
49700,46,0
49800,48,0
49900,48,0
50000,50,0
50100,50,0
50200,48,0
50300,48,0
50400,48,0
50500,48,0
50600,50,0
50700,50,0
50800,52,0
50900,50,0
51000,50,0
51100,50,0
51200,50,0
51300,48,0
51400,48,0
51500,48,0
51600,48,0
51700,50,0
51800,50,0
51900,50,0
52000,48,0
52100,48,0
52200,46,0
52300,46,0
52400,46,0
52500,44,0
52600,46,0
52700,44,0
52800,44,0
52900,46,0
53000,44,0
53100,44,0
53200,42,0
53300,42,0
53400,44,0
53500,42,0
53600,42,0
53700,42,0
53800,44,0
53900,44,0
54000,42,0
54100,42,0
54200,42,0
54300,42,0
54400,40,0
54500,40,0
54600,40,0
54700,42,0
54800,42,0
54900,42,0
55000,42,0
55100,44,0
55200,44,0
55300,42,0
55400,42,0
55500,44,0
55600,46,0
55700,46,0
55800,46,0
55900,46,0
56000,44,0
56100,44,0
56200,44,0
56300,46,0
56400,46,0
56500,48,0
56600,48,0
56700,48,0
56800,50,0
56900,48,0
57000,48,0
57100,48,0
57200,48,0
57300,46,0
57400,46,0
57500,46,0
57600,48,0
57700,50,0
57800,50,0
57900,52,0
58000,52,0
58100,50,0
58200,50,0
58300,50,0
58400,52,0
58500,52,0
58600,50,0
58700,48,0
58800,50,0
58900,50,0
59000,52,0
59100,52,0
59200,52,0
59300,50,0
59400,48,0
59500,46,0
59600,46,0
59700,46,0
59800,46,0
59900,44,0
60000,44,0
60100,46,0
60200,46,0
60300,44,0
60400,44,0
60500,44,0
60600,42,0
60700,42,0
60800,42,0
60900,44,0
61000,44,0
61100,44,0
61200,46,0
61300,46,0
61400,48,0
61500,48,0
61600,48,0
61700,48,0
61800,50,0
61900,50,0
62000,50,0
62100,50,0
62200,52,0
62300,52,0
62400,50,0
62500,52,0
62600,52,0
62700,52,0
62800,50,0
62900,50,0
63000,50,0
63100,48,0
63200,48,0
63300,46,0
63400,48,0
63500,48,0
63600,46,0
63700,46,0
63800,44,0
63900,44,0
64000,42,0
64100,40,0
64200,38,0
64300,40,0
64400,40,0
64500,40,0
64600,42,0
64700,42,0
64800,44,0
64900,44,0
65000,44,0
65100,46,0
65200,48,0
65300,48,0
65400,46,0
65500,46,0
65600,46,0
65700,46,0
65800,44,0
65900,44,0
66000,44,0
66100,44,0
66200,46,0
66300,46,0
66400,46,0
66500,48,0
66600,48,0
66700,50,0
66800,52,0
66900,52,0
67000,52,0
67100,52,0
67200,50,0
67300,50,0
67400,52,0
67500,50,0
67600,50,0
67700,50,0
67800,50,0
67900,52,0
68000,52,0
68100,54,0
68200,54,0
68300,56,0
68400,56,0
68500,56,0
68600,54,0
68700,54,0
68800,54,0
68900,56,0
69000,58,0
69100,58,0
69200,60,0
69300,60,0
69400,60,0
69500,62,0
69600,62,0
69700,64,0
69800,62,0
69900,62,0
70000,62,0
70100,62,0
70200,64,0
70300,62,0
70400,62,0
70500,62,0
70600,60,0
70700,58,0
70800,56,0
70900,56,0
71000,54,0
71100,54,0
71200,56,0
71300,56,0
71400,56,0
71500,56,0
71600,54,0
71700,56,0
71800,56,0
71900,56,0
72000,54,0
72100,52,0
72200,52,0
72300,52,0
72400,52,0
72500,54,0
72600,54,0
72700,54,0
72800,54,0
72900,52,0
73000,52,0
73100,52,0
73200,52,0
73300,50,0
73400,50,0
73500,50,0
73600,50,0
73700,52,0
73800,52,0
73900,52,0
74000,54,0
74100,54,0
74200,54,0
74300,52,0
74400,52,0
74500,50,0
74600,50,0
74700,48,0
74800,48,0
74900,48,0
75000,48,0
75100,50,0
75200,50,0
75300,50,0
75400,50,0
75500,48,0
75600,48,0
75700,48,0
75800,50,0
75900,50,0
76000,50,0
76100,48,0
76200,46,0
76300,46,0
76400,48,0
76500,48,0
76600,46,0
76700,46,0
76800,46,0
76900,48,0
77000,48,0
77100,48,0
77200,46,0
77300,46,0
77400,46,0
77500,46,0
77600,48,0
77700,48,0
77800,48,0
77900,48,0
78000,46,0
78100,46,0
78200,48,0
78300,48,0
78400,48,0
78500,48,0
78600,50,0
78700,50,0
78800,48,0
78900,50,0
79000,50,0
79100,50,0
79200,50,0
79300,48,0
79400,48,0
79500,50,0
79600,50,0
79700,50,0
79800,50,0
79900,48,0
80000,48,0
80100,48,0
80200,46,0
80300,46,0
80400,46,0
80500,44,0
80600,42,0
80700,42,0
80800,42,0
80900,42,0
81000,40,0
81100,40,0
81200,40,0
81300,38,0
81400,38,0
81500,40,0
81600,42,0
81700,42,0
81800,44,0
81900,42,0
82000,42,0
82100,44,0
82200,46,0
82300,44,0
82400,44,0
82500,44,0
82600,44,0
82700,42,0
82800,42,0
82900,42,0
83000,40,0
83100,38,0
83200,38,0
83300,38,0
83400,38,0
83500,36,0
83600,36,0
83700,36,0
83800,34,0
83900,34,0
84000,36,0
84100,36,0
84200,36,0
84300,36,0
84400,34,0
84500,34,0
84600,34,0
84700,36,0
84800,36,0
84900,38,0
85000,38,0
85100,38,0
85200,40,0
85300,42,0
85400,42,0
85500,42,0
85600,42,0
85700,44,0
85800,44,0
85900,44,0
86000,44,0
86100,42,0
86200,44,0
86300,46,0
86400,46,0
86500,46,0
86600,46,0
86700,48,0
86800,48,0
86900,48,0
87000,50,0
87100,52,0
87200,52,0
87300,52,0
87400,52,0
87500,54,0
87600,54,0
87700,54,0
87800,54,0
87900,56,0
88000,58,0
88100,58,0
88200,56,0
88300,56,0
88400,56,0
88500,58,0
88600,58,0
88700,58,0
88800,56,0
88900,56,0
89000,56,0
89100,56,0
89200,58,0
89300,58,0
89400,58,0
89500,58,0
89600,56,0
89700,56,0
89800,58,0
89900,58,0
90000,60,0
90100,60,0
90200,60,0
90300,58,0
90400,58,0
90500,56,0
90600,56,0
90700,56,0
90800,58,0
90900,58,0
91000,58,0
91100,56,0
91200,56,0
91300,54,0
91400,54,0
91500,54,0
91600,52,0
91700,52,0
91800,50,0
91900,52,0
92000,52,0
92100,52,0
92200,54,0
92300,54,0
92400,54,0
92500,52,0
92600,52,0
92700,52,0
92800,52,0
92900,54,0
93000,56,0
93100,56,0
93200,54,0
93300,54,0
93400,54,0
93500,54,0
93600,52,0
93700,52,0
93800,52,0
93900,52,0
94000,50,0
94100,50,0
94200,48,0
94300,48,0
94400,50,0
94500,50,0
94600,50,0
94700,50,0
94800,52,0
94900,52,0
95000,52,0
95100,52,0
95200,50,0
95300,50,0
95400,50,0
95500,50,0
95600,52,0
95700,50,0
95800,52,0
95900,52,0
96000,52,0
96100,54,0
96200,56,0
96300,56,0
96400,56,0
96500,58,0
96600,58,0
96700,58,0
96800,58,0
96900,60,0
97000,60,0
97100,60,0
97200,60,0
97300,58,0
97400,56,0
97500,56,0
97600,56,0
97700,58,0
97800,60,0
97900,58,0
98000,56,0
98100,54,0
98200,54,0
98300,54,0
98400,54,0
98500,52,0
98600,52,0
98700,52,0
98800,52,0
98900,54,0
99000,54,0
99100,54,0
99200,56,0
99300,56,0
99400,58,0
99500,58,0
99600,58,0
99700,58,0
99800,56,0
99900,58,0
100000,58,0
100100,56,0
100200,56,0
100300,56,0
100400,56,0
100500,54,0
100600,54,0
100700,52,0
100800,52,0
100900,52,0
101000,52,0
101100,54,0
101200,54,0
101300,54,0
101400,54,0
101500,52,0
101600,52,0
101700,52,0
101800,54,0
101900,56,0
102000,56,0
102100,54,0
102200,52,0
102300,52,0
102400,52,0
102500,52,0
102600,50,0
102700,50,0
102800,50,0
102900,52,0
103000,52,0
103100,52,0
103200,54,0
103300,54,0
103400,54,0
103500,56,0
103600,56,0
103700,56,0
103800,56,0
103900,58,0
104000,56,0
104100,56,0
104200,56,0
104300,58,0
104400,58,0
104500,58,0
104600,58,0
104700,60,0
104800,60,0
104900,60,0
105000,58,0
105100,56,0
105200,56,0
105300,58,0
105400,60,0
105500,60,0
105600,58,0
105700,58,0
105800,56,0
105900,56,0
106000,54,0
106100,54,0
106200,54,0
106300,56,0
106400,54,0
106500,54,0
106600,54,0
106700,54,0
106800,52,0
106900,52,0
107000,52,0
107100,54,0
107200,54,0
107300,56,0
107400,56,0
107500,56,0
107600,54,0
107700,56,0
107800,56,0
107900,56,0
108000,54,0
108100,52,0
108200,52,0
108300,52,0
108400,52,0
108500,50,0
108600,50,0
108700,48,0
108800,48,0
108900,48,0
109000,48,0
109100,46,0
109200,46,0
109300,44,0
109400,44,0
109500,44,0
109600,46,0
109700,46,0
109800,48,0
109900,48,0
110000,50,0
110100,50,0
110200,50,0
110300,50,0
110400,52,0
110500,52,0
110600,52,0
110700,54,0
110800,54,0
110900,52,0
111000,52,0
111100,52,0
111200,52,0
111300,54,0
111400,56,0
111500,56,0
111600,56,0
111700,56,0
111800,54,0
111900,54,0
112000,54,0
112100,54,0
112200,56,0
112300,56,0
112400,54,0
112500,54,0
112600,54,0
112700,54,0
112800,52,0
112900,54,0
113000,56,0
113100,56,0
113200,56,0
113300,56,0
113400,58,0
113500,58,0
113600,58,0
113700,56,0
113800,56,0
113900,56,0
114000,54,0
114100,54,0
114200,56,0
114300,56,0
114400,56,0
114500,56,0
114600,54,0
114700,54,0
114800,56,0
114900,56,0
115000,56,0
115100,54,0
115200,54,0
115300,54,0
115400,54,0
115500,56,0
115600,56,0
115700,56,0
115800,58,0
115900,58,0
116000,58,0
116100,56,0
116200,58,0
116300,58,0
116400,58,0
116500,58,0
116600,56,0
116700,54,0
116800,54,0
116900,54,0
117000,54,0
117100,56,0
117200,56,0
117300,56,0
117400,54,0
117500,54,0
117600,54,0
117700,54,0
117800,52,0
117900,52,0
118000,52,0
118100,52,0
118200,50,0
118300,52,0
118400,52,0
118500,50,0
118600,50,0
118700,50,0
118800,50,0
118900,48,0
119000,46,0
119100,46,0
119200,44,0
119300,44,0
119400,42,0
119500,42,0
119600,40,0
119700,40,0
119800,42,0
119900,42,0
120000,42,0
120100,42,0
120200,40,0
120300,42,0
120400,42,0
120500,42,0
120600,42,0
120700,44,0
120800,44,0
120900,44,0
121000,46,0
121100,46,0
121200,46,0
121300,44,0
121400,44,0
121500,44,0
121600,42,0
121700,42,0
121800,44,0
121900,44,0
122000,44,0
122100,42,0
122200,42,0
122300,42,0
122400,44,0
122500,42,0
122600,44,0
122700,46,0
122800,46,0
122900,46,0
123000,48,0
123100,48,0
123200,48,0
123300,48,0
123400,50,0
123500,50,0
123600,50,0
123700,48,0
123800,48,0
123900,48,0
124000,50,0
124100,50,0
124200,48,0
124300,50,0
124400,50,0
124500,50,0
124600,52,0
124700,52,0
124800,52,0
124900,54,0
125000,54,0
125100,54,0
125200,56,0
125300,56,0
125400,54,0
125500,54,0
125600,54,0
125700,52,0
125800,50,0
125900,50,0
126000,48,0
126100,48,0
126200,48,0
126300,46,0
126400,46,0
126500,46,0
126600,46,0
126700,44,0
126800,44,0
126900,44,0
127000,42,0
127100,44,0
127200,42,0
127300,42,0
127400,42,0
127500,40,0
127600,40,0
127700,40,0
127800,40,0
127900,42,0
128000,44,0
128100,44,0
128200,44,0
128300,42,0
128400,40,0
128500,40,0
128600,40,0
128700,40,0
128800,38,0
128900,38,0
129000,36,0
129100,36,0
129200,34,0
129300,34,0
129400,34,0
129500,36,0
129600,36,0
129700,36,0
129800,36,0
129900,34,0
130000,34,0
130100,32,0
130200,34,0
130300,36,0
130400,36,0
130500,34,0
130600,34,0
130700,34,0
130800,36,0
130900,36,0
131000,38,0
131100,38,0
131200,38,0
131300,36,0
131400,36,0
131500,34,0
131600,34,0
131700,34,0
131800,36,0
131900,36,0
132000,38,0
132100,38,0
132200,40,0
132300,40,0
132400,40,0
132500,42,0
132600,42,0
132700,42,0
132800,44,0
132900,46,0
133000,46,0
133100,48,0
133200,50,0
133300,48,0
133400,48,0
133500,48,0
133600,48,0
133700,50,0
133800,52,0
133900,52,0
134000,52,0
134100,52,0
134200,54,0
134300,54,0
134400,54,0
134500,52,0
134600,52,0
134700,50,0
134800,50,0
134900,48,0
135000,46,0
135100,46,0
135200,46,0
135300,46,0
135400,48,0
135500,48,0
135600,48,0
135700,48,0
135800,46,0
135900,46,0
136000,46,0
136100,46,0
136200,48,0
136300,48,0
136400,48,0
136500,50,0
136600,50,0
136700,52,0
136800,52,0
136900,54,0
137000,52,0
137100,52,0
137200,54,0
137300,54,0
137400,54,0
137500,54,0
137600,56,0
137700,54,0
137800,54,0
137900,54,0
138000,54,0
138100,52,0
138200,50,0
138300,50,0
138400,52,0
138500,52,0
138600,52,0
138700,54,0
138800,54,0
138900,54,0
139000,54,0
139100,52,0
139200,52,0
139300,52,0
139400,54,0
139500,54,0
139600,52,0
139700,52,0
139800,50,0
139900,50,0
140000,50,0
140100,50,0
140200,52,0
140300,52,0
140400,50,0
140500,50,0
140600,50,0
140700,50,0
140800,52,0
140900,54,0
141000,54,0
141100,54,0
141200,52,0
141300,52,0
141400,52,0
141500,54,0
141600,56,0
141700,56,0
141800,56,0
141900,58,0
142000,58,0
142100,60,0
142200,60,0
142300,60,0
142400,60,0
142500,62,0
142600,62,0
142700,62,0
142800,64,0
142900,64,0
143000,66,0
143100,66,0
143200,64,0
143300,62,0
143400,64,0
143500,64,0
143600,66,0
143700,68,0
143800,70,0
143900,70,0
144000,70,0
144100,70,0
144200,68,0
144300,68,0
144400,70,0
144500,70,0
144600,70,0
144700,70,0
144800,70,0
144900,70,0
145000,70,0
145100,70,0
145200,68,0
145300,68,0
145400,68,0
145500,68,0
145600,66,0
145700,64,0
145800,64,0
145900,64,0
146000,66,0
146100,66,0
146200,68,0
146300,66,0
146400,66,0
146500,68,0
146600,66,0
146700,66,0
146800,66,0
146900,66,0
147000,64,0
147100,64,0
147200,64,0
147300,64,0
147400,62,0
147500,62,0
147600,62,0
147700,62,0
147800,64,0
147900,62,0
148000,64,0
148100,64,0
148200,64,0
148300,64,0
148400,66,0
148500,66,0
148600,66,0
148700,64,0
148800,64,0
148900,62,0
149000,62,0
149100,62,0
149200,64,0
149300,64,0
149400,64,0
149500,64,0
149600,62,0
149700,62,0
149800,62,0
149900,60,0
150000,58,0
150100,56,0
150200,58,0
150300,58,0
150400,60,0
150500,60,0
150600,60,0
150700,60,0
150800,62,0
150900,62,0
151000,64,0
151100,62,0
151200,60,0
151300,60,0
151400,60,0
151500,58,0
151600,58,0
151700,58,0
151800,58,0
151900,60,0
152000,62,0
152100,62,0
152200,62,0
152300,62,0
152400,60,0
152500,62,0
152600,64,0
152700,64,0
152800,64,0
152900,66,0
153000,66,0
153100,66,0
153200,66,0
153300,68,0
153400,68,0
153500,66,0
153600,66,0
153700,66,0
153800,64,0
153900,64,0
154000,64,0
154100,64,0
154200,62,0
154300,62,0
154400,62,0
154500,60,0
154600,60,0
154700,60,0
154800,60,0
154900,58,0
155000,58,0
155100,58,0
155200,58,0
155300,56,0
155400,56,0
155500,56,0
155600,56,0
155700,54,0
155800,52,0
155900,50,0
156000,50,0
156100,50,0
156200,50,0
156300,52,0
156400,52,0
156500,52,0
156600,50,0
156700,48,0
156800,48,0
156900,48,0
157000,46,0
157100,46,0
157200,46,0
157300,44,0
157400,46,0
157500,46,0
157600,46,0
157700,46,0
157800,44,0
157900,44,0
158000,44,0
158100,46,0
158200,46,0
158300,46,0
158400,46,0
158500,48,0
158600,48,0
158700,48,0
158800,48,0
158900,50,0
159000,48,0
159100,48,0
159200,50,0
159300,50,0
159400,52,0
159500,52,0
159600,52,0
159700,50,0
159800,50,0
159900,50,0
160000,50,0
160100,48,0
160200,50,0
160300,50,0
160400,50,0
160500,50,0
160600,48,0
160700,48,0
160800,48,0
160900,48,0
161000,46,0
161100,46,0
161200,44,0
161300,46,0
161400,46,0
161500,44,0
161600,44,0
161700,46,0
161800,46,0
161900,46,0
162000,44,0
162100,44,0
162200,44,0
162300,46,0
162400,48,0
162500,48,0
162600,50,0
162700,50,0
162800,50,0
162900,50,0
163000,52,0
163100,50,0
163200,52,0
163300,52,0
163400,52,0
163500,52,0
163600,50,0
163700,50,0
163800,50,0
163900,48,0
164000,48,0
164100,48,0
164200,48,0
164300,46,0
164400,46,0
164500,46,0
164600,46,0
164700,44,0
164800,46,0
164900,48,0
165000,50,0
165100,50,0
165200,50,0
165300,50,0
165400,52,0
165500,52,0
165600,50,0
165700,50,0
165800,52,0
165900,52,0
166000,52,0
166100,52,0
166200,54,0
166300,52,0
166400,52,0
166500,52,0
166600,52,0
166700,54,0
166800,54,0
166900,54,0
167000,54,0
167100,52,0
167200,52,0
167300,50,0
167400,50,0
167500,52,0
167600,52,0
167700,52,0
167800,54,0
167900,54,0
168000,52,0
168100,52,0
168200,52,0
168300,52,0
168400,50,0
168500,50,0
168600,48,0
168700,46,0
168800,46,0
168900,46,0
169000,46,0
169100,44,0
169200,42,0
169300,42,0
169400,42,0
169500,44,0
169600,46,0
169700,46,0
169800,46,0
169900,46,0
170000,44,0
170100,46,0
170200,46,0
170300,44,0
170400,42,0
170500,42,0
170600,40,0
170700,40,0
170800,40,0
170900,40,0
171000,42,0
171100,42,0
171200,44,0
171300,44,0
171400,44,0
171500,44,0
171600,42,0
171700,42,0
171800,42,0
171900,40,0
172000,40,0
172100,40,0
172200,38,0
172300,40,0
172400,38,0
172500,36,0
172600,36,0
172700,36,0
172800,36,0
172900,38,0
173000,36,0
173100,36,0
173200,36,0
173300,36,0
173400,38,0
173500,38,0
173600,40,0
173700,40,0
173800,38,0
173900,36,0
174000,36,0
174100,36,0
174200,38,0
174300,38,0
174400,40,0
174500,42,0
174600,42,0
174700,42,0
174800,42,0
174900,40,0
175000,40,0
175100,40,0
175200,42,0
175300,44,0
175400,44,0
175500,46,0
175600,44,0
175700,44,0
175800,44,0
175900,44,0
176000,46,0
176100,46,0
176200,46,0
176300,48,0
176400,48,0
176500,48,0
176600,48,0
176700,50,0
176800,52,0
176900,52,0
177000,52,0
177100,52,0
177200,50,0
177300,48,0
177400,48,0
177500,48,0
177600,50,0
177700,50,0
177800,50,0
177900,52,0
178000,52,0
178100,52,0
178200,52,0
178300,50,0
178400,50,0
178500,50,0
178600,50,0
178700,48,0
178800,48,0
178900,50,0
179000,50,0
179100,50,0
179200,50,0
179300,52,0
179400,54,0
179500,52,0
179600,50,0
179700,50,0
179800,50,0
179900,50,0
180000,52,0
180100,52,0
180200,52,0
180300,50,0
180400,52,0
180500,54,0
180600,54,0
180700,54,0
180800,52,0
180900,54,0
181000,54,0
181100,54,0
181200,52,0
181300,52,0
181400,52,0
181500,54,0
181600,54,0
181700,54,0
181800,56,0
181900,56,0
182000,58,0
182100,58,0
182200,58,0
182300,60,0
182400,60,0
182500,60,0
182600,62,0
182700,62,0
182800,60,0
182900,60,0
183000,60,0
183100,62,0
183200,62,0
183300,62,0
183400,62,0
183500,64,0
183600,64,0
183700,64,0
183800,62,0
183900,62,0
184000,62,0
184100,64,0
184200,64,0
184300,64,0
184400,64,0
184500,66,0
184600,64,0
184700,66,0
184800,66,0
184900,66,0
185000,68,0
185100,68,0
185200,68,0
185300,68,0
185400,66,0
185500,66,0
185600,66,0
185700,66,0
185800,68,0
185900,66,0
186000,66,0
186100,66,0
186200,68,0
186300,70,0
186400,70,0
186500,68,0
186600,68,0
186700,68,0
186800,68,0
186900,70,0
187000,70,0
187100,70,0
187200,70,0
187300,70,0
187400,70,0
187500,68,0
187600,66,0
187700,66,0
187800,68,0
187900,70,0
188000,70,0
188100,70,0
188200,70,0
188300,68,0
188400,68,0
188500,68,0
188600,68,0
188700,70,0
188800,70,0
188900,70,0
189000,70,0
189100,70,0
189200,68,0
189300,70,0
189400,70,0
189500,70,0
189600,70,0
189700,70,0
189800,70,0
189900,70,0
190000,70,0
190100,70,0
190200,70,0
190300,70,0
190400,68,0
190500,68,0
190600,70,0
190700,70,0
190800,70,0
190900,70,0
191000,68,0
191100,68,0
191200,68,0
191300,68,0
191400,66,0
191500,66,0
191600,66,0
191700,66,0
191800,68,0
191900,68,0
192000,70,0
192100,70,0
192200,70,0
192300,70,0
192400,70,0
192500,70,0
192600,70,0
192700,68,0
192800,68,0
192900,70,0
193000,70,0
193100,70,0
193200,70,0
193300,70,0
193400,70,0
193500,70,0
193600,70,0
193700,68,0
193800,70,0
193900,68,0
194000,66,0
194100,64,0
194200,64,0
194300,66,0
194400,66,0
194500,66,0
194600,68,0
194700,68,0
194800,68,0
194900,68,0
195000,70,0
195100,70,0
195200,70,0
195300,70,0
195400,70,0
195500,70,0
195600,70,0
195700,70,0
195800,70,0
195900,70,0
196000,68,0
196100,68,0
196200,68,0
196300,66,0
196400,66,0
196500,64,0
196600,66,0
196700,66,0
196800,64,0
196900,64,0
197000,66,0
197100,66,0
197200,64,0
197300,64,0
197400,64,0
197500,64,0
197600,66,0
197700,66,0
197800,66,0
197900,64,0
198000,64,0
198100,66,0
198200,66,0
198300,66,0
198400,64,0
198500,64,0
198600,62,0
198700,62,0
198800,60,0
198900,60,0
199000,60,0
199100,60,0
199200,62,0
199300,62,0
199400,62,0
199500,62,0
199600,64,0
199700,64,0
199800,62,0
199900,60,0
200000,60,0
200100,60,0
200200,58,0
200300,58,0
200400,58,0
200500,56,0
200600,56,0
200700,56,0
200800,58,0
200900,58,0
201000,60,0
201100,60,0
201200,60,0
201300,60,0
201400,62,0
201500,62,0
201600,64,0
201700,64,0
201800,62,0
201900,62,0
202000,62,0
202100,64,0
202200,64,0
202300,66,0
202400,66,0
202500,68,0
202600,68,0
202700,68,0
202800,68,0
202900,70,0
203000,70,0
203100,70,0
203200,70,0
203300,68,0
203400,68,0
203500,68,0
203600,70,0
203700,70,0
203800,70,0
203900,68,0
204000,68,0
204100,68,0
204200,70,0
204300,70,0
204400,70,0
204500,70,0
204600,70,0
204700,68,0
204800,68,0
204900,70,0
205000,70,0
205100,70,0
205200,70,0
205300,70,0
205400,70,0
205500,70,0
205600,70,0
205700,70,0
205800,68,0
205900,68,0
206000,68,0
206100,68,0
206200,66,0
206300,66,0
206400,66,0
206500,66,0
206600,68,0
206700,66,0
206800,66,0
206900,64,0
207000,64,0
207100,64,0
207200,64,0
207300,62,0
207400,62,0
207500,62,0
207600,62,0
207700,60,0
207800,60,0
207900,60,0
208000,60,0
208100,58,0
208200,60,0
208300,62,0
208400,62,0
208500,62,0
208600,60,0
208700,60,0
208800,60,0
208900,58,0
209000,60,0
209100,60,0
209200,62,0
209300,60,0
209400,60,0
209500,62,0
209600,62,0
209700,62,0
209800,62,0
209900,64,0
210000,64,0
210100,64,0
210200,64,0
210300,66,0
210400,66,0
210500,66,0
210600,64,0
210700,64,0
210800,64,0
210900,62,0
211000,62,0
211100,62,0
211200,64,0
211300,62,0
211400,62,0
211500,62,0
211600,62,0
211700,64,0
211800,64,0
211900,64,0
212000,64,0
212100,62,0
212200,62,0
212300,62,0
212400,62,0
212500,64,0
212600,64,0
212700,62,0
212800,62,0
212900,64,0
213000,64,0
213100,64,0
213200,64,0
213300,62,0
213400,62,0
213500,62,0
213600,64,0
213700,64,0
213800,62,0
213900,62,0
214000,60,0
214100,58,0
214200,60,0
214300,60,0
214400,60,0
214500,60,0
214600,62,0
214700,62,0
214800,60,0
214900,60,0
215000,60,0
215100,60,0
215200,62,0
215300,62,0
215400,62,0
215500,60,0
215600,60,0
215700,60,0
215800,58,0
215900,56,0
216000,56,0
216100,56,0
216200,54,0
216300,54,0
216400,54,0
216500,54,0
216600,56,0
216700,54,0
216800,52,0
216900,52,0
217000,52,0
217100,52,0
217200,54,0
217300,56,0
217400,56,0
217500,56,0
217600,58,0
217700,58,0
217800,60,0
217900,58,0
218000,56,0
218100,58,0
218200,58,0
218300,58,0
218400,56,0
218500,56,0
218600,56,0
218700,58,0
218800,56,0
218900,56,0
219000,56,0
219100,54,0
219200,54,0
219300,54,0
219400,52,0
219500,52,0
219600,52,0
219700,52,0
219800,54,0
219900,54,0
220000,52,0
220100,52,0
220200,52,0
220300,54,0
220400,54,0
220500,54,0
220600,56,0
220700,54,0
220800,56,0
220900,56,0
221000,58,0
221100,58,0
221200,56,0
221300,56,0
221400,58,0
221500,58,0
221600,58,0
221700,58,0
221800,56,0
221900,58,0
222000,58,0
222100,58,0
222200,58,0
222300,60,0
222400,58,0
222500,58,0
222600,60,0
222700,62,0
222800,62,0
222900,64,0
223000,64,0
223100,64,0
223200,66,0
223300,66,0
223400,66,0
223500,64,0
223600,64,0
223700,66,0
223800,68,0
223900,68,0
224000,70,0
224100,70,0
224200,70,0
224300,68,0
224400,70,0
224500,70,0
224600,70,0
224700,70,0
224800,70,0
224900,70,0
225000,70,0
225100,70,0
225200,70,0
225300,70,0
225400,68,0
225500,68,0
225600,68,0
225700,68,0
225800,70,0
225900,70,0
226000,70,0
226100,70,0
226200,70,0
226300,68,0
226400,68,0
226500,68,0
226600,70,0
226700,70,0
226800,70,0
226900,70,0
227000,70,0
227100,70,0
227200,70,0
227300,70,0
227400,70,0
227500,70,0
227600,70,0
227700,70,0
227800,70,0
227900,70,0
228000,70,0
228100,70,0
228200,70,0
228300,70,0
228400,70,0
228500,70,0
228600,70,0
228700,70,0
228800,68,0
228900,68,0
229000,68,0
229100,66,0
229200,66,0
229300,66,0
229400,68,0
229500,68,0
229600,68,0
229700,68,0
229800,66,0
229900,66,0
230000,66,0
230100,66,0
230200,68,0
230300,68,0
230400,70,0
230500,68,0
230600,70,0
230700,70,0
230800,70,0
230900,68,0
231000,68,0
231100,68,0
231200,68,0
231300,70,0
231400,70,0
231500,70,0
231600,70,0
231700,70,0
231800,70,0
231900,70,0
232000,68,0
232100,68,0
232200,66,0
232300,66,0
232400,66,0
232500,64,0
232600,62,0
232700,62,0
232800,62,0
232900,62,0
233000,64,0
233100,64,0
233200,64,0
233300,62,0
233400,64,0
233500,64,0
233600,64,0
233700,66,0
233800,66,0
233900,64,0
234000,64,0
234100,64,0
234200,64,0
234300,62,0
234400,64,0
234500,64,0
234600,64,0
234700,62,0
234800,64,0
234900,64,0
235000,64,0
235100,64,0
235200,66,0
235300,66,0
235400,68,0
235500,70,0
235600,70,0
235700,70,0
235800,70,0
235900,70,0
236000,68,0
236100,68,0
236200,68,0
236300,66,0
236400,66,0
236500,66,0
236600,68,0
236700,66,0
236800,66,0
236900,66,0
237000,68,0
237100,68,0
237200,68,0
237300,68,0
237400,66,0
237500,66,0
237600,66,0
237700,64,0
237800,64,0
237900,62,0
238000,62,0
238100,62,0
238200,62,0
238300,60,0
238400,62,0
238500,60,0
238600,58,0
238700,58,0
238800,60,0
238900,60,0
239000,60,0
239100,60,0
239200,62,0
239300,64,0
239400,64,0
239500,62,0
239600,62,0
239700,60,0
239800,60,0
239900,60,0
240000,60,0
240100,58,0
240200,60,0
240300,62,0
240400,62,0
240500,62,0
240600,64,0
240700,64,0
240800,62,0
240900,62,0
241000,60,0
241100,62,0
241200,62,0
241300,62,0
241400,64,0
241500,64,0
241600,64,0
241700,66,0
241800,66,0
241900,66,0
242000,68,0
242100,68,0
242200,68,0
242300,66,0
242400,66,0
242500,66,0
242600,66,0
242700,64,0
242800,64,0
242900,66,0
243000,66,0
243100,64,0
243200,64,0
243300,64,0
243400,66,0
243500,64,0
243600,66,0
243700,64,0
243800,64,0
243900,64,0
244000,64,0
244100,62,0
244200,60,0
244300,60,0
244400,60,0
244500,60,0
244600,62,0
244700,64,0
244800,64,0
244900,62,0
245000,62,0
245100,62,0
245200,62,0
245300,60,0
245400,60,0
245500,60,0
245600,60,0
245700,58,0
245800,58,0
245900,56,0
246000,56,0
246100,56,0
246200,56,0
246300,58,0
246400,58,0
246500,56,0
246600,56,0
246700,56,0
246800,58,0
246900,58,0
247000,58,0
247100,58,0
247200,56,0
247300,56,0
247400,56,0
247500,56,0
247600,58,0
247700,56,0
247800,56,0
247900,56,0
248000,58,0
248100,58,0
248200,58,0
248300,58,0
248400,60,0
248500,60,0
248600,60,0
248700,60,0
248800,58,0
248900,60,0
249000,60,0
249100,60,0
249200,60,0
249300,62,0
249400,62,0
249500,62,0
249600,64,0
249700,64,0
249800,64,0
249900,64,0
250000,66,0
250100,66,0
250200,68,0
250300,68,0
250400,68,0
250500,70,0
250600,70,0
250700,70,0
250800,70,0
250900,70,0
251000,70,0
251100,70,0
251200,68,0
251300,68,0
251400,68,0
251500,66,0
251600,66,0
251700,66,0
251800,66,0
251900,68,0
252000,66,0
252100,66,0
252200,66,0
252300,68,0
252400,68,0
252500,68,0
252600,70,0
252700,70,0
252800,70,0
252900,70,0
253000,70,0
253100,70,0
253200,70,0
253300,68,0
253400,68,0
253500,68,0
253600,68,0
253700,66,0
253800,66,0
253900,68,0
254000,68,0
254100,68,0
254200,68,0
254300,70,0
254400,68,0
254500,70,0
254600,68,0
254700,70,0
254800,70,0
254900,70,0
255000,70,0
255100,70,0
255200,70,0
255300,70,0
255400,68,0
255500,68,0
255600,68,0
255700,70,0
255800,70,0
255900,68,0
256000,68,0
256100,66,0
256200,64,0
256300,66,0
256400,64,0
256500,64,0
256600,64,0
256700,64,0
256800,66,0
256900,68,0
257000,68,0
257100,68,0
257200,70,0
257300,70,0
257400,70,0
257500,70,0
257600,70,0
257700,70,0
257800,68,0
257900,68,0
258000,68,0
258100,68,0
258200,70,0
258300,68,0
258400,68,0
258500,70,0
258600,70,0
258700,68,0
258800,68,0
258900,68,0
259000,68,0
259100,70,0
259200,68,0
259300,68,0
259400,66,0
259500,66,0
259600,64,0
259700,64,0
259800,62,0
259900,62,0
260000,60,0
260100,60,0
260200,58,0
260300,58,0
260400,58,0
260500,60,0
260600,62,0
260700,62,0
260800,62,0
260900,62,0
261000,60,0
261100,60,0
261200,60,0
261300,60,0
261400,58,0
261500,58,0
261600,58,0
261700,60,0
261800,62,0
261900,62,0
262000,62,0
262100,62,0
262200,64,0
262300,64,0
262400,64,0
262500,66,0
262600,66,0
262700,66,0
262800,66,0
262900,64,0
263000,62,0
263100,60,0
263200,62,0
263300,62,0
263400,62,0
263500,64,0
263600,64,0
263700,64,0
263800,66,0
263900,64,0
264000,64,0
264100,64,0
264200,62,0
264300,62,0
264400,64,0
264500,62,0
264600,62,0
264700,62,0
264800,60,0
264900,60,0
265000,60,0
265100,62,0
265200,62,0
265300,62,0
265400,64,0
265500,64,0
265600,64,0
265700,64,0
265800,66,0
265900,66,0
266000,66,0
266100,68,0
266200,68,0
266300,68,0
266400,68,0
266500,66,0
266600,66,0
266700,66,0
266800,66,0
266900,68,0
267000,68,0
267100,68,0
267200,68,0
267300,70,0
267400,70,0
267500,70,0
267600,70,0
267700,68,0
267800,68,0
267900,68,0
268000,68,0
268100,70,0
268200,68,0
268300,70,0
268400,70,0
268500,68,0
268600,68,0
268700,68,0
268800,68,0
268900,66,0
269000,66,0
269100,66,0
269200,68,0
269300,68,0
269400,68,0
269500,68,0
269600,70,0
269700,70,0
269800,70,0
269900,70,0
270000,70,0
270100,70,0
270200,70,0
270300,70,0
270400,68,0
270500,68,0
270600,68,0
270700,68,0
270800,66,0
270900,66,0
271000,66,0
271100,64,0
271200,62,0
271300,62,0
271400,62,0
271500,64,0
271600,64,0
271700,64,0
271800,66,0
271900,68,0
272000,68,0
272100,68,0
272200,68,0
272300,70,0
272400,70,0
272500,70,0
272600,68,0
272700,68,0
272800,68,0
272900,68,0
273000,66,0
273100,66,0
273200,66,0
273300,66,0
273400,64,0
273500,64,0
273600,64,0
273700,64,0
273800,66,0
273900,66,0
274000,66,0
274100,68,0
274200,68,0
274300,68,0
274400,68,0
274500,66,0
274600,66,0
274700,66,0
274800,66,0
274900,68,0
275000,68,0
275100,70,0
275200,70,0
275300,70,0
275400,70,0
275500,70,0
275600,70,0
275700,70,0
275800,70,0
275900,70,0
276000,70,0
276100,70,0
276200,68,0
276300,68,0
276400,68,0
276500,70,0
276600,70,0
276700,70,0
276800,70,0
276900,68,0
277000,68,0
277100,66,0
277200,66,0
277300,66,0
277400,68,0
277500,68,0
277600,68,0
277700,70,0
277800,70,0
277900,70,0
278000,70,0
278100,70,0
278200,68,0
278300,68,0
278400,68,0
278500,68,0
278600,70,0
278700,70,0
278800,70,0
278900,70,0
279000,70,0
279100,70,0
279200,70,0
279300,70,0
279400,70,0
279500,70,0
279600,70,0
279700,70,0
279800,70,0
279900,68,0
280000,68,0
280100,68,0
280200,66,0
280300,66,0
280400,64,0
280500,64,0
280600,66,0
280700,64,0
280800,64,0
280900,64,0
281000,64,0
281100,62,0
281200,62,0
281300,62,0
281400,62,0
281500,64,0
281600,64,0
281700,64,0
281800,64,0
281900,66,0
282000,66,0
282100,66,0
282200,64,0
282300,64,0
282400,64,0
282500,66,0
282600,66,0
282700,66,0
282800,68,0
282900,68,0
283000,68,0
283100,68,0
283200,66,0
283300,66,0
283400,66,0
283500,64,0
283600,64,0
283700,66,0
283800,68,0
283900,68,0
284000,66,0
284100,66,0
284200,64,0
284300,64,0
284400,64,0
284500,66,0
284600,66,0
284700,66,0
284800,64,0
284900,64,0
285000,64,0
285100,62,0
285200,60,0
285300,60,0
285400,58,0
285500,56,0
285600,56,0
285700,56,0
285800,56,0
285900,54,0
286000,56,0
286100,56,0
286200,56,0
286300,58,0
286400,56,0
286500,56,0
286600,56,0
286700,56,0
286800,58,0
286900,58,0
287000,58,0
287100,58,0
287200,60,0
287300,60,0
287400,62,0
287500,62,0
287600,62,0
287700,60,0
287800,60,0
287900,60,0
288000,62,0
288100,62,0
288200,62,0
288300,64,0
288400,64,0
288500,64,0
288600,64,0
288700,66,0
288800,66,0
288900,68,0
289000,66,0
289100,66,0
289200,66,0
289300,68,0
289400,68,0
289500,70,0
289600,70,0
289700,70,0
289800,70,0
289900,70,0
290000,70,0
290100,70,0
290200,70,0
290300,68,0
290400,68,0
290500,66,0
290600,66,0
290700,66,0
290800,68,0
290900,68,0
291000,68,0
291100,66,0
291200,66,0
291300,66,0
291400,68,0
291500,66,0
291600,66,0
291700,66,0
291800,64,0
291900,64,0
292000,64,0
292100,62,0
292200,62,0
292300,62,0
292400,64,0
292500,64,0
292600,62,0
292700,62,0
292800,62,0
292900,62,0
293000,60,0
293100,58,0
293200,60,0
293300,60,0
293400,58,0
293500,58,0
293600,58,0
293700,56,0
293800,54,0
293900,54,0
294000,54,0
294100,52,0
294200,52,0
294300,52,0
294400,52,0
294500,54,0
294600,54,0
294700,54,0
294800,52,0
294900,50,0
295000,50,0
295100,50,0
295200,48,0
295300,46,0
295400,46,0
295500,46,0
295600,48,0
295700,48,0
295800,46,0
295900,48,0
296000,48,0
296100,48,0
296200,48,0
296300,50,0
296400,48,0
296500,48,0
296600,50,0
296700,50,0
296800,48,0
296900,48,0
297000,48,0
297100,46,0
297200,46,0
297300,48,0
297400,48,0
297500,48,0
297600,48,0
297700,46,0
297800,48,0
297900,48,0
298000,48,0
298100,46,0
298200,46,0
298300,48,0
298400,48,0
298500,50,0
298600,50,0
298700,48,0
298800,48,0
298900,48,0
299000,46,0
299100,44,0
299200,44,0
299300,44,0
299400,42,0
299500,42,0
299600,42,0
299700,44,0
299800,44,0
299900,44,0
300000,42,0
300100,42,0
300200,44,0
300300,44,0
300400,44,0
300500,46,0
300600,46,0
300700,46,0
300800,46,0
300900,48,0
301000,48,0
301100,48,0
301200,46,0
301300,46,0
301400,46,0
301500,44,0
301600,44,0
301700,44,0
301800,46,0
301900,44,0
302000,44,0
302100,44,0
302200,42,0
302300,42,0
302400,42,0
302500,42,0
302600,40,0
302700,42,0
302800,42,0
302900,42,0
303000,44,0
303100,46,0
303200,46,0
303300,46,0
303400,46,0
303500,48,0
303600,50,0
303700,50,0
303800,50,0
303900,52,0
304000,52,0
304100,54,0
304200,54,0
304300,54,0
304400,52,0
304500,52,0
304600,52,0
304700,54,0
304800,52,0
304900,52,0
305000,52,0
305100,54,0
305200,54,0
305300,52,0
305400,52,0
305500,52,0
305600,50,0
305700,48,0
305800,48,0
305900,46,0
306000,48,0
306100,48,0
306200,48,0
306300,48,0
306400,46,0
306500,46,0
306600,44,0
306700,44,0
306800,44,0
306900,46,0
307000,44,0
307100,44,0
307200,42,0
307300,44,0
307400,44,0
307500,42,0
307600,44,0
307700,46,0
307800,46,0
307900,46,0
308000,46,0
308100,44,0
308200,44,0
308300,44,0
308400,42,0
308500,42,0
308600,42,0
308700,40,0
308800,42,0
308900,42,0
309000,44,0
309100,44,0
309200,44,0
309300,42,0
309400,42,0
309500,42,0
309600,42,0
309700,44,0
309800,46,0
309900,44,0
310000,44,0
310100,44,0
310200,44,0
310300,46,0
310400,44,0
310500,44,0
310600,44,0
310700,46,0
310800,48,0
310900,48,0
311000,46,0
311100,44,0
311200,44,0
311300,44,0
311400,44,0
311500,46,0
311600,46,0
311700,48,0
311800,48,0
311900,46,0
312000,46,0
312100,46,0
312200,48,0
312300,50,0
312400,50,0
312500,50,0
312600,48,0
312700,48,0
312800,48,0
312900,46,0
313000,46,0
313100,46,0
313200,46,0
313300,44,0
313400,44,0
313500,44,0
313600,44,0
313700,46,0
313800,46,0
313900,46,0
314000,44,0
314100,44,0
314200,44,0
314300,44,0
314400,42,0
314500,42,0
314600,44,0
314700,42,0
314800,42,0
314900,42,0
315000,44,0
315100,44,0
315200,46,0
315300,46,0
315400,46,0
315500,44,0
315600,46,0
315700,46,0
315800,46,0
315900,46,0
316000,44,0
316100,44,0
316200,44,0
316300,42,0
316400,42,0
316500,42,0
316600,40,0
316700,40,0
316800,40,0
316900,40,0
317000,42,0
317100,42,0
317200,42,0
317300,42,0
317400,44,0
317500,44,0
317600,44,0
317700,46,0
317800,46,0
317900,44,0
318000,44,0
318100,44,0
318200,42,0
318300,42,0
318400,40,0
318500,40,0
318600,40,0
318700,40,0
318800,38,0
318900,38,0
319000,40,0
319100,40,0
319200,40,0
319300,40,0
319400,38,0
319500,38,0
319600,38,0
319700,38,0
319800,40,0
319900,40,0
320000,40,0
320100,42,0
320200,40,0
320300,40,0
320400,42,0
320500,42,0
320600,42,0
320700,42,0
320800,40,0
320900,40,0
321000,40,0
321100,42,0
321200,42,0
321300,42,0
321400,40,0
321500,38,0
321600,38,0
321700,36,0
321800,34,0
321900,34,0
322000,34,0
322100,34,0
322200,32,0
322300,32,0
322400,30,0
322500,32,0
322600,30,0
322700,30,0
322800,30,0
322900,30,0
323000,32,0
323100,32,0
323200,34,0
323300,34,0
323400,34,0
323500,34,0
323600,36,0
323700,36,0
323800,36,0
323900,36,0
324000,34,0
324100,32,0
324200,34,0
324300,36,0
324400,34,0
324500,34,0
324600,36,0
324700,36,0
324800,36,0
324900,36,0
325000,34,0
325100,36,0
325200,38,0
325300,38,0
325400,36,0
325500,36,0
325600,34,0
325700,34,0
325800,34,0
325900,36,0
326000,36,0
326100,38,0
326200,38,0
326300,36,0
326400,36,0
326500,36,0
326600,38,0
326700,36,0
326800,38,0
326900,38,0
327000,38,0
327100,36,0
327200,36,0
327300,38,0
327400,38,0
327500,38,0
327600,38,0
327700,36,0
327800,36,0
327900,36,0
328000,34,0
328100,34,0
328200,32,0
328300,30,0
328400,32,0
328500,30,0
328600,30,0
328700,30,0
328800,30,0
328900,32,0
329000,32,0
329100,32,0
329200,32,0
329300,34,0
329400,34,0
329500,34,0
329600,36,0
329700,36,0
329800,34,0
329900,34,0
330000,34,0
330100,36,0
330200,36,0
330300,36,0
330400,34,0
330500,34,0
330600,34,0
330700,34,0
330800,32,0
330900,30,0
331000,30,0
331100,30,0
331200,30,0
331300,30,0
331400,30,0
331500,32,0
331600,32,0
331700,32,0
331800,32,0
331900,34,0
332000,34,0
332100,36,0
332200,36,0
332300,38,0
332400,38,0
332500,38,0
332600,40,0
332700,40,0
332800,40,0
332900,40,0
333000,42,0
333100,40,0
333200,40,0
333300,40,0
333400,38,0
333500,38,0
333600,38,0
333700,38,0
333800,36,0
333900,36,0
334000,36,0
334100,38,0
334200,38,0
334300,38,0
334400,38,0
334500,40,0
334600,38,0
334700,36,0
334800,36,0
334900,36,0
335000,38,0
335100,38,0
335200,40,0
335300,42,0
335400,42,0
335500,42,0
335600,44,0
335700,44,0
335800,44,0
335900,46,0
336000,46,0
336100,48,0
336200,48,0
336300,46,0
336400,46,0
336500,46,0
336600,46,0
336700,44,0
336800,44,0
336900,44,0
337000,46,0
337100,46,0
337200,46,0
337300,44,0
337400,44,0
337500,44,0
337600,42,0
337700,42,0
337800,42,0
337900,42,0
338000,44,0
338100,44,0
338200,46,0
338300,46,0
338400,46,0
338500,46,0
338600,48,0
338700,46,0
338800,46,0
338900,46,0
339000,46,0
339100,44,0
339200,44,0
339300,44,0
339400,46,0
339500,46,0
339600,46,0
339700,48,0
339800,48,0
339900,46,0
340000,44,0
340100,44,0
340200,46,0
340300,46,0
340400,46,0
340500,44,0
340600,46,0
340700,46,0
340800,44,0
340900,44,0
341000,46,0
341100,46,0
341200,46,0
341300,46,0
341400,44,0
341500,44,0
341600,46,0
341700,46,0
341800,46,0
341900,46,0
342000,48,0
342100,48,0
342200,46,0
342300,46,0
342400,44,0
342500,42,0
342600,42,0
342700,42,0
342800,40,0
342900,40,0
343000,40,0
343100,40,0
343200,42,0
343300,42,0
343400,42,0
343500,44,0
343600,46,0
343700,46,0
343800,48,0
343900,48,0
344000,48,0
344100,50,0
344200,50,0
344300,50,0
344400,52,0
344500,52,0
344600,52,0
344700,50,0
344800,48,0
344900,48,0
345000,46,0
345100,46,0
345200,46,0
345300,44,0
345400,46,0
345500,46,0
345600,44,0
345700,44,0
345800,46,0
345900,44,0
346000,46,0
346100,46,0
346200,46,0
346300,46,0
346400,48,0
346500,48,0
346600,48,0
346700,48,0
346800,50,0
346900,52,0
347000,52,0
347100,52,0
347200,54,0
347300,54,0
347400,54,0
347500,54,0
347600,56,0
347700,56,0
347800,58,0
347900,56,0
348000,56,0
348100,56,0
348200,56,0
348300,58,0
348400,60,0
348500,60,0
348600,60,0
348700,60,0
348800,58,0
348900,58,0
349000,58,0
349100,58,0
349200,60,0
349300,60,0
349400,60,0
349500,60,0
349600,62,0
349700,62,0
349800,64,0
349900,64,0
350000,64,0
350100,62,0
350200,62,0
350300,64,0
350400,64,0
350500,64,0
350600,66,0
350700,66,0
350800,66,0
350900,68,0
351000,68,0
351100,70,0
351200,70,0
351300,70,0
351400,68,0
351500,68,0
351600,68,0
351700,70,0
351800,70,0
351900,70,0
352000,70,0
352100,70,0
352200,68,0
352300,68,0
352400,68,0
352500,68,0
352600,70,0
352700,70,0
352800,68,0
352900,68,0
353000,66,0
353100,66,0
353200,66,0
353300,66,0
353400,68,0
353500,66,0
353600,66,0
353700,68,0
353800,68,0
353900,68,0
354000,66,0
354100,66,0
354200,64,0
354300,64,0
354400,62,0
354500,62,0
354600,62,0
354700,60,0
354800,60,0
354900,62,0
355000,62,0
355100,60,0
355200,60,0
355300,58,0
355400,56,0
355500,58,0
355600,60,0
355700,60,0
355800,60,0
355900,62,0
356000,62,0
356100,60,0
356200,60,0
356300,60,0
356400,62,0
356500,64,0
356600,66,0
356700,64,0
356800,66,0
356900,66,0
357000,64,0
357100,64,0
357200,66,0
357300,66,0
357400,66,0
357500,68,0
357600,68,0
357700,68,0
357800,66,0
357900,66,0
358000,64,0
358100,62,0
358200,62,0
358300,60,0
358400,58,0
358500,58,0
358600,58,0
358700,58,0
358800,60,0
358900,62,0
359000,64,0
359100,62,0
359200,64,0
359300,64,0
359400,62,0
359500,64,0
359600,64,0
359700,66,0
359800,68,0
359900,70,0
360000,70,0
360100,70,0
360200,70,0
360300,68,0
360400,68,0
360500,68,0
360600,66,0
360700,66,0
360800,66,0
360900,68,0
361000,68,0
361100,70,0
361200,68,0
361300,68,0
361400,66,0
361500,66,0
361600,64,0
361700,64,0
361800,64,0
361900,64,0
362000,66,0
362100,64,0
362200,64,0
362300,64,0
362400,64,0
362500,66,0
362600,66,0
362700,64,0
362800,64,0
362900,64,0
363000,64,0
363100,62,0
363200,62,0
363300,62,0
363400,60,0
363500,60,0
363600,60,0
363700,60,0
363800,58,0
363900,60,0
364000,62,0
364100,62,0
364200,62,0
364300,64,0
364400,64,0
364500,62,0
364600,62,0
364700,60,0
364800,60,0
364900,60,0
365000,60,0
365100,58,0
365200,60,0
365300,60,0
365400,62,0
365500,60,0
365600,58,0
365700,58,0
365800,58,0
365900,58,0
366000,60,0
366100,60,0
366200,60,0
366300,60,0
366400,62,0
366500,62,0
366600,62,0
366700,62,0
366800,64,0
366900,64,0
367000,64,0
367100,64,0
367200,62,0
367300,64,0
367400,64,0
367500,62,0
367600,62,0
367700,60,0
367800,60,0
367900,60,0
368000,58,0
368100,58,0
368200,60,0
368300,60,0
368400,60,0
368500,58,0
368600,58,0
368700,58,0
368800,56,0
368900,56,0
369000,56,0
369100,56,0
369200,54,0
369300,56,0
369400,56,0
369500,56,0
369600,54,0
369700,54,0
369800,54,0
369900,54,0
370000,56,0
370100,58,0
370200,58,0
370300,58,0
370400,58,0
370500,56,0
370600,58,0
370700,58,0
370800,58,0
370900,58,0
371000,60,0
371100,58,0
371200,56,0
371300,56,0
371400,58,0
371500,58,0
371600,58,0
371700,58,0
371800,60,0
371900,60,0
372000,58,0
372100,58,0
372200,58,0
372300,60,0
372400,60,0
372500,60,0
372600,60,0
372700,62,0
372800,64,0
372900,64,0
373000,64,0
373100,64,0
373200,66,0
373300,66,0
373400,66,0
373500,66,0
373600,64,0
373700,66,0
373800,66,0
373900,66,0
374000,64,0
374100,66,0
374200,68,0
374300,66,0
374400,64,0
374500,62,0
374600,62,0
374700,62,0
374800,62,0
374900,64,0
375000,64,0
375100,64,0
375200,62,0
375300,60,0
375400,60,0
375500,60,0
375600,60,0
375700,58,0
375800,58,0
375900,58,0
376000,56,0
376100,56,0
376200,54,0
376300,54,0
376400,54,0
376500,52,0
376600,50,0
376700,50,0
376800,50,0
376900,48,0
377000,48,0
377100,48,0
377200,50,0
377300,50,0
377400,48,0
377500,48,0
377600,48,0
377700,48,0
377800,50,0
377900,48,0
378000,48,0
378100,50,0
378200,50,0
378300,50,0
378400,50,0
378500,52,0
378600,54,0
378700,52,0
378800,50,0
378900,50,0
379000,50,0
379100,52,0
379200,52,0
379300,50,0
379400,50,0
379500,50,0
379600,48,0
379700,46,0
379800,46,0
379900,48,0
380000,48,0
380100,46,0
380200,48,0
380300,48,0
380400,50,0
380500,50,0
380600,50,0
380700,50,0
380800,52,0
380900,52,0
381000,54,0
381100,52,0
381200,52,0
381300,54,0
381400,52,0
381500,50,0
381600,50,0
381700,48,0
381800,48,0
381900,48,0
382000,48,0
382100,50,0
382200,50,0
382300,50,0
382400,50,0
382500,52,0
382600,52,0
382700,52,0
382800,52,0
382900,50,0
383000,52,0
383100,52,0
383200,54,0
383300,54,0
383400,54,0
383500,54,0
383600,56,0
383700,56,0
383800,58,0
383900,58,0
384000,58,0
384100,56,0
384200,56,0
384300,56,0
384400,54,0
384500,54,0
384600,54,0
384700,52,0
384800,52,0
384900,54,0
385000,54,0
385100,52,0
385200,52,0
385300,52,0
385400,54,0
385500,54,0
385600,54,0
385700,54,0
385800,56,0
385900,56,0
386000,56,0
386100,56,0
386200,58,0
386300,58,0
386400,58,0
386500,56,0
386600,56,0
386700,54,0
386800,54,0
386900,54,0
387000,56,0
387100,56,0
387200,56,0
387300,54,0
387400,56,0
387500,56,0
387600,58,0
387700,56,0
387800,56,0
387900,56,0
388000,54,0
388100,54,0
388200,54,0
388300,56,0
388400,56,0
388500,54,0
388600,54,0
388700,54,0
388800,54,0
388900,52,0
389000,52,0
389100,50,0
389200,52,0
389300,52,0
389400,54,0
389500,54,0
389600,54,0
389700,54,0
389800,52,0
389900,52,0
390000,52,0
390100,50,0
390200,50,0
390300,52,0
390400,52,0
390500,50,0
390600,50,0
390700,48,0
390800,48,0
390900,50,0
391000,50,0
391100,48,0
391200,48,0
391300,48,0
391400,50,0
391500,50,0
391600,50,0
391700,50,0
391800,52,0
391900,52,0
392000,50,0
392100,52,0
392200,54,0
392300,54,0
392400,56,0
392500,56,0
392600,54,0
392700,52,0
392800,52,0
392900,52,0
393000,54,0
393100,52,0
393200,50,0
393300,50,0
393400,50,0
393500,48,0
393600,48,0
393700,48,0
393800,50,0
393900,50,0
394000,50,0
394100,50,0
394200,48,0
394300,50,0
394400,50,0
394500,48,0
394600,50,0
394700,48,0
394800,48,0
394900,46,0
395000,46,0
395100,44,0
395200,44,0
395300,44,0
395400,44,0
395500,42,0
395600,42,0
395700,42,0
395800,42,0
395900,44,0
396000,44,0
396100,44,0
396200,46,0
396300,46,0
396400,46,0
396500,48,0
396600,48,0
396700,48,0
396800,48,0
396900,46,0
397000,46,0
397100,44,0
397200,44,0
397300,46,0
397400,48,0
397500,50,0
397600,50,0
397700,52,0
397800,50,0
397900,50,0
398000,48,0
398100,48,0
398200,48,0
398300,50,0
398400,50,0
398500,50,0
398600,50,0
398700,48,0
398800,48,0
398900,48,0
399000,48,0
399100,46,0
399200,46,0
399300,46,0
399400,44,0
399500,44,0
399600,44,0
399700,46,0
399800,46,0
399900,46,0
400000,46,0
400100,48,0
400200,46,0
400300,46,0
400400,48,0
400500,46,0
400600,46,0
400700,44,0
400800,42,0
400900,42,0
401000,42,0
401100,42,0
401200,44,0
401300,46,0
401400,46,0
401500,46,0
401600,46,0
401700,48,0
401800,48,0
401900,46,0
402000,46,0
402100,46,0
402200,48,0
402300,46,0
402400,46,0
402500,46,0
402600,44,0
402700,44,0
402800,42,0
402900,42,0
403000,42,0
403100,44,0
403200,44,0
403300,44,0
403400,42,0
403500,42,0
403600,42,0
403700,40,0
403800,42,0
403900,40,0
404000,40,0
404100,42,0
404200,42,0
404300,40,0
404400,40,0
404500,40,0
404600,40,0
404700,42,0
404800,44,0
404900,44,0
405000,46,0
405100,46,0
405200,48,0
405300,48,0
405400,46,0
405500,46,0
405600,44,0
405700,44,0
405800,46,0
405900,48,0
406000,48,0
406100,46,0
406200,48,0
406300,50,0
406400,50,0
406500,50,0
406600,48,0
406700,48,0
406800,48,0
406900,48,0
407000,46,0
407100,46,0
407200,46,0
407300,48,0
407400,48,0
407500,48,0
407600,48,0
407700,50,0
407800,50,0
407900,50,0
408000,50,0
408100,48,0
408200,48,0
408300,48,0
408400,48,0
408500,46,0
408600,46,0
408700,46,0
408800,46,0
408900,44,0
409000,46,0
409100,46,0
409200,48,0
409300,48,0
409400,48,0
409500,48,0
409600,46,0
409700,48,0
409800,48,0
409900,48,0
410000,50,0
410100,52,0
410200,52,0
410300,52,0
410400,54,0
410500,54,0
410600,54,0
410700,52,0
410800,52,0
410900,52,0
411000,52,0
411100,50,0
411200,50,0
411300,48,0
411400,48,0
411500,48,0
411600,50,0
411700,50,0
411800,50,0
411900,48,0
412000,48,0
412100,48,0
412200,48,0
412300,50,0
412400,50,0
412500,50,0
412600,48,0
412700,48,0
412800,48,0
412900,48,0
413000,46,0
413100,44,0
413200,44,0
413300,42,0
413400,42,0
413500,42,0
413600,42,0
413700,44,0
413800,46,0
413900,46,0
414000,46,0
414100,48,0
414200,48,0
414300,48,0
414400,50,0
414500,50,0
414600,50,0
414700,50,0
414800,48,0
414900,48,0
415000,48,0
415100,46,0
415200,48,0
415300,50,0
415400,50,0
415500,48,0
415600,48,0
415700,50,0
415800,50,0
415900,50,0
416000,48,0
416100,50,0
416200,50,0
416300,50,0
416400,50,0
416500,52,0
416600,54,0
416700,56,0
416800,58,0
416900,58,0
417000,58,0
417100,58,0
417200,56,0
417300,54,0
417400,54,0
417500,56,0
417600,56,0
417700,56,0
417800,54,0
417900,54,0
418000,54,0
418100,56,0
418200,56,0
418300,56,0
418400,56,0
418500,54,0
418600,54,0
418700,54,0
418800,52,0
418900,52,0
419000,50,0
419100,50,0
419200,48,0
419300,48,0
419400,50,0
419500,50,0
419600,50,0
419700,50,0
419800,48,0
419900,48,0
420000,50,0
420100,50,0
420200,48,0
420300,48,0
420400,46,0
420500,46,0
420600,46,0
420700,46,0
420800,48,0
420900,48,0
421000,48,0
421100,48,0
421200,46,0
421300,46,0
421400,46,0
421500,44,0
421600,44,0
421700,44,0
421800,42,0
421900,42,0
422000,42,0
422100,40,0
422200,40,0
422300,40,0
422400,40,0
422500,42,0
422600,42,0
422700,42,0
422800,40,0
422900,42,0
423000,44,0
423100,44,0
423200,46,0
423300,44,0
423400,44,0
423500,44,0
423600,44,0
423700,42,0
423800,42,0
423900,42,0
424000,44,0
424100,44,0
424200,42,0
424300,42,0
424400,44,0
424500,44,0
424600,46,0
424700,46,0
424800,46,0
424900,46,0
425000,48,0
425100,48,0
425200,46,0
425300,44,0
425400,44,0
425500,42,0
425600,42,0
425700,42,0
425800,42,0
425900,44,0
426000,46,0
426100,46,0
426200,46,0
426300,44,0
426400,44,0
426500,44,0
426600,46,0
426700,48,0
426800,48,0
426900,46,0
427000,46,0
427100,46,0
427200,48,0
427300,48,0
427400,48,0
427500,48,0
427600,50,0
427700,50,0
427800,50,0
427900,48,0
428000,48,0
428100,48,0
428200,48,0
428300,50,0
428400,50,0
428500,52,0
428600,54,0
428700,52,0
428800,52,0
428900,52,0
429000,52,0
429100,54,0
429200,54,0
429300,54,0
429400,54,0
429500,56,0
429600,56,0
429700,56,0
429800,56,0
429900,58,0
430000,56,0
430100,56,0
430200,56,0
430300,56,0
430400,54,0
430500,54,0
430600,54,0
430700,54,0
430800,56,0
430900,56,0
431000,56,0
431100,54,0
431200,54,0
431300,54,0
431400,54,0
431500,56,0
431600,58,0
431700,56,0
431800,54,0
431900,54,0
432000,54,0
432100,54,0
432200,56,0
432300,56,0
432400,54,0
432500,54,0
432600,54,0
432700,52,0
432800,50,0
432900,52,0
433000,52,0
433100,50,0
433200,50,0
433300,50,0
433400,50,0
433500,48,0
433600,50,0
433700,50,0
433800,52,0
433900,50,0
434000,50,0
434100,50,0
434200,50,0
434300,48,0
434400,48,0
434500,48,0
434600,48,0
434700,50,0
434800,50,0
434900,50,0
435000,50,0
435100,52,0
435200,52,0
435300,52,0
435400,52,0
435500,50,0
435600,52,0
435700,52,0
435800,52,0
435900,52,0
436000,50,0
436100,50,0
436200,50,0
436300,48,0
436400,50,0
436500,48,0
436600,48,0
436700,48,0
436800,48,0
436900,46,0
437000,48,0
437100,48,0
437200,48,0
437300,50,0
437400,48,0
437500,46,0
437600,44,0
437700,46,0
437800,46,0
437900,46,0
438000,46,0
438100,48,0
438200,48,0
438300,48,0
438400,48,0
438500,50,0
438600,50,0
438700,50,0
438800,50,0
438900,48,0
439000,50,0
439100,52,0
439200,52,0
439300,52,0
439400,54,0
439500,56,0
439600,56,0
439700,56,0
439800,56,0
439900,54,0
440000,54,0
440100,54,0
440200,56,0
440300,56,0
440400,54,0
440500,54,0
440600,54,0
440700,54,0
440800,52,0
440900,50,0
441000,52,0
441100,52,0
441200,52,0
441300,54,0
441400,54,0
441500,54,0
441600,54,0
441700,56,0
441800,54,0
441900,52,0
442000,52,0
442100,54,0
442200,54,0
442300,54,0
442400,54,0
442500,56,0
442600,58,0
442700,58,0
442800,56,0
442900,56,0
443000,54,0
443100,56,0
443200,56,0
443300,56,0
443400,54,0
443500,54,0
443600,54,0
443700,54,0
443800,56,0
443900,58,0
444000,56,0
444100,56,0
444200,56,0
444300,56,0
444400,58,0
444500,58,0
444600,58,0
444700,58,0
444800,60,0
444900,60,0
445000,58,0
445100,58,0
445200,56,0
445300,56,0
445400,56,0
445500,56,0
445600,54,0
445700,56,0
445800,58,0
445900,60,0
446000,60,0
446100,60,0
446200,60,0
446300,58,0
446400,58,0
446500,56,0
446600,56,0
446700,58,0
446800,58,0
446900,58,0
447000,58,0
447100,56,0
447200,56,0
447300,58,0
447400,58,0
447500,60,0
447600,62,0
447700,62,0
447800,64,0
447900,66,0
448000,68,0
448100,68,0
448200,70,0
448300,70,0
448400,68,0
448500,70,0
448600,70,0
448700,70,0
448800,70,0
448900,70,0
449000,70,0
449100,70,0
449200,70,0
449300,68,0
449400,68,0
449500,68,0
449600,68,0
449700,66,0
449800,66,0
449900,68,0
450000,68,0
450100,68,0
450200,68,0
450300,70,0
450400,70,0
450500,70,0
450600,70,0
450700,68,0
450800,68,0
450900,68,0
451000,68,0
451100,70,0
451200,70,0
451300,70,0
451400,70,0
451500,70,0
451600,70,0
451700,70,0
451800,70,0
451900,68,0
452000,68,0
452100,68,0
452200,66,0
452300,66,0
452400,66,0
452500,64,0
452600,64,0
452700,62,0
452800,62,0
452900,62,0
453000,60,0
453100,58,0
453200,58,0
453300,60,0
453400,60,0
453500,60,0
453600,62,0
453700,62,0
453800,62,0
453900,60,0
454000,58,0
454100,58,0
454200,58,0
454300,60,0
454400,60,0
454500,60,0
454600,60,0
454700,62,0
454800,60,0
454900,62,0
455000,64,0
455100,66,0
455200,66,0
455300,64,0
455400,66,0
455500,66,0
455600,66,0
455700,66,0
455800,68,0
455900,68,0
456000,68,0
456100,68,0
456200,66,0
456300,66,0
456400,68,0
456500,68,0
456600,68,0
456700,68,0
456800,70,0
456900,70,0
457000,70,0
457100,70,0
457200,68,0
457300,68,0
457400,70,0
457500,70,0
457600,70,0
457700,70,0
457800,70,0
457900,70,0
458000,70,0
458100,70,0
458200,70,0
458300,70,0
458400,70,0
458500,70,0
458600,70,0
458700,70,0
458800,70,0
458900,70,0
459000,70,0
459100,70,0
459200,70,0
459300,70,0
459400,70,0
459500,68,0
459600,68,0
459700,68,0
459800,68,0
459900,66,0
460000,66,0
460100,64,0
460200,66,0
460300,64,0
460400,64,0
460500,64,0
460600,64,0
460700,66,0
460800,66,0
460900,66,0
461000,64,0
461100,66,0
461200,68,0
461300,70,0
461400,70,0
461500,68,0
461600,68,0
461700,70,0
461800,70,0
461900,70,0
462000,70,0
462100,70,0
462200,70,0
462300,70,0
462400,68,0
462500,68,0
462600,68,0
462700,68,0
462800,66,0
462900,66,0
463000,66,0
463100,64,0
463200,64,0
463300,62,0
463400,62,0
463500,62,0
463600,62,0
463700,60,0
463800,60,0
463900,60,0
464000,58,0
464100,58,0
464200,58,0
464300,60,0
464400,60,0
464500,60,0
464600,60,0
464700,62,0
464800,62,0
464900,62,0
465000,62,0
465100,60,0
465200,60,0
465300,58,0
465400,58,0
465500,58,0
465600,58,0
465700,60,0
465800,62,0
465900,62,0
466000,62,0
466100,62,0
466200,64,0
466300,64,0
466400,66,0
466500,66,0
466600,66,0
466700,68,0
466800,68,0
466900,68,0
467000,68,0
467100,70,0
467200,70,0
467300,70,0
467400,70,0
467500,70,0
467600,70,0
467700,70,0
467800,70,0
467900,68,0
468000,68,0
468100,66,0
468200,66,0
468300,66,0
468400,64,0
468500,64,0
468600,66,0
468700,64,0
468800,66,0
468900,66,0
469000,66,0
469100,64,0
469200,62,0
469300,62,0
469400,62,0
469500,62,0
469600,60,0
469700,60,0
469800,60,0
469900,62,0
470000,62,0
470100,62,0
470200,60,0
470300,60,0
470400,60,0
470500,60,0
470600,58,0
470700,58,0
470800,58,0
470900,58,0
471000,56,0
471100,56,0
471200,56,0
471300,54,0
471400,54,0
471500,56,0
471600,56,0
471700,56,0
471800,56,0
471900,58,0
472000,56,0
472100,56,0
472200,56,0
472300,58,0
472400,60,0
472500,60,0
472600,60,0
472700,58,0
472800,56,0
472900,56,0
473000,58,0
473100,60,0
473200,62,0
473300,62,0
473400,62,0
473500,62,0
473600,64,0
473700,64,0
473800,64,0
473900,64,0
474000,66,0
474100,68,0
474200,68,0
474300,68,0
474400,68,0
474500,66,0
474600,66,0
474700,66,0
474800,66,0
474900,68,0
475000,70,0
475100,70,0
475200,70,0
475300,68,0
475400,66,0
475500,66,0
475600,66,0
475700,64,0
475800,64,0
475900,64,0
476000,64,0
476100,66,0
476200,66,0
476300,66,0
476400,66,0
476500,64,0
476600,62,0
476700,62,0
476800,60,0
476900,60,0
477000,60,0
477100,62,0
477200,64,0
477300,64,0
477400,64,0
477500,66,0
477600,66,0
477700,64,0
477800,66,0
477900,66,0
478000,66,0
478100,64,0
478200,64,0
478300,62,0
478400,62,0
478500,60,0
478600,62,0
478700,62,0
478800,62,0
478900,64,0
479000,64,0
479100,64,0
479200,62,0
479300,62,0
479400,62,0
479500,62,0
479600,60,0
479700,62,0
479800,64,0
479900,64,0
480000,66,0
480100,66,0
480200,66,0
480300,66,0
480400,64,0
480500,64,0
480600,64,0
480700,62,0
480800,62,0
480900,62,0
481000,64,0
481100,64,0
481200,64,0
481300,66,0
481400,66,0
481500,68,0
481600,68,0
481700,68,0
481800,68,0
481900,70,0
482000,70,0
482100,70,0
482200,70,0
482300,70,0
482400,70,0
482500,70,0
482600,68,0
482700,68,0
482800,68,0
482900,68,0
483000,70,0
483100,70,0
483200,68,0
483300,68,0
483400,68,0
483500,70,0
483600,68,0
483700,68,0
483800,68,0
483900,70,0
484000,70,0
484100,70,0
484200,70,0
484300,70,0
484400,68,0
484500,68,0
484600,68,0
484700,66,0
484800,66,0
484900,68,0
485000,66,0
485100,66,0
485200,66,0
485300,64,0
485400,64,0
485500,66,0
485600,66,0
485700,66,0
485800,64,0
485900,64,0
486000,64,0
486100,64,0
486200,62,0
486300,62,0
486400,62,0
486500,62,0
486600,60,0
486700,60,0
486800,62,0
486900,62,0
487000,62,0
487100,64,0
487200,64,0
487300,64,0
487400,64,0
487500,62,0
487600,62,0
487700,62,0
487800,62,0
487900,64,0
488000,64,0
488100,64,0
488200,66,0
488300,66,0
488400,66,0
488500,66,0
488600,64,0
488700,62,0
488800,60,0
488900,60,0
489000,60,0
489100,60,0
489200,62,0
489300,60,0
489400,60,0
489500,60,0
489600,62,0
489700,62,0
489800,62,0
489900,62,0
490000,60,0
490100,60,0
490200,60,0
490300,62,0
490400,60,0
490500,60,0
490600,60,0
490700,58,0
490800,58,0
490900,58,0
491000,56,0
491100,58,0
491200,58,0
491300,58,0
491400,58,0
491500,56,0
491600,58,0
491700,58,0
491800,60,0
491900,60,0
492000,58,0
492100,58,0
492200,58,0
492300,60,0
492400,60,0
492500,62,0
492600,62,0
492700,62,0
492800,62,0
492900,64,0
493000,64,0
493100,64,0
493200,64,0
493300,62,0
493400,62,0
493500,62,0
493600,62,0
493700,64,0
493800,64,0
493900,64,0
494000,64,0
494100,66,0
494200,66,0
494300,68,0
494400,66,0
494500,66,0
494600,66,0
494700,68,0
494800,70,0
494900,68,0
495000,68,0
495100,68,0
495200,66,0
495300,66,0
495400,66,0
495500,66,0
495600,68,0
495700,68,0
495800,68,0
495900,68,0
496000,66,0
496100,64,0
496200,64,0
496300,64,0
496400,64,0
496500,62,0
496600,62,0
496700,60,0
496800,60,0
496900,58,0
497000,58,0
497100,56,0
497200,56,0
497300,56,0
497400,56,0
497500,54,0
497600,54,0
497700,52,0
497800,52,0
497900,54,0
498000,54,0
498100,54,0
498200,54,0
498300,56,0
498400,56,0
498500,54,0
498600,52,0
498700,52,0
498800,52,0
498900,50,0
499000,48,0
499100,48,0
499200,48,0
499300,48,0
499400,46,0
499500,44,0
499600,44,0
499700,44,0
499800,44,0
499900,46,0
500000,46,0
500100,48,0
500200,48,0
500300,48,0
500400,50,0
500500,50,0
500600,50,0
500700,50,0
500800,52,0
500900,54,0
501000,54,0
501100,54,0
501200,54,0
501300,56,0
501400,56,0
501500,54,0
501600,54,0
501700,54,0
501800,56,0
501900,56,0
502000,56,0
502100,54,0
502200,54,0
502300,56,0
502400,54,0
502500,54,0
502600,54,0
502700,56,0
502800,56,0
502900,58,0
503000,58,0
503100,58,0
503200,60,0
503300,58,0
503400,58,0
503500,58,0
503600,56,0
503700,56,0
503800,56,0
503900,58,0
504000,58,0
504100,58,0
504200,58,0
504300,56,0
504400,56,0
504500,56,0
504600,54,0
504700,52,0
504800,52,0
504900,52,0
505000,50,0
505100,48,0
505200,48,0
505300,48,0
505400,46,0
505500,44,0
505600,44,0
505700,44,0
505800,42,0
505900,42,0
506000,42,0
506100,44,0
506200,46,0
506300,44,0
506400,44,0
506500,42,0
506600,42,0
506700,42,0
506800,42,0
506900,40,0
507000,40,0
507100,40,0
507200,42,0
507300,42,0
507400,42,0
507500,44,0
507600,44,0
507700,44,0
507800,44,0
507900,46,0
508000,46,0
508100,48,0
508200,48,0
508300,48,0
508400,48,0
508500,50,0
508600,50,0
508700,50,0
508800,50,0
508900,52,0
509000,54,0
509100,54,0
509200,54,0
509300,54,0
509400,56,0
509500,56,0
509600,56,0
509700,56,0
509800,58,0
509900,58,0
510000,60,0
510100,62,0
510200,62,0
510300,64,0
510400,66,0
510500,64,0
510600,64,0
510700,64,0
510800,66,0
510900,68,0
511000,70,0
511100,70,0
511200,70,0
511300,70,0
511400,70,0
511500,68,0
511600,68,0
511700,66,0
511800,66,0
511900,64,0
512000,64,0
512100,62,0
512200,62,0
512300,62,0
512400,62,0
512500,60,0
512600,60,0
512700,60,0
512800,60,0
512900,62,0
513000,62,0
513100,62,0
513200,62,0
513300,60,0
513400,60,0
513500,62,0
513600,62,0
513700,62,0
513800,62,0
513900,60,0
514000,62,0
514100,62,0
514200,64,0
514300,64,0
514400,64,0
514500,62,0
514600,62,0
514700,62,0
514800,62,0
514900,60,0
515000,60,0
515100,60,0
515200,60,0
515300,58,0
515400,58,0
515500,58,0
515600,58,0
515700,56,0
515800,56,0
515900,54,0
516000,54,0
516100,54,0
516200,54,0
516300,52,0
516400,52,0
516500,50,0
516600,52,0
516700,52,0
516800,54,0
516900,54,0
517000,54,0
517100,56,0
517200,54,0
517300,54,0
517400,54,0
517500,56,0
517600,54,0
517700,54,0
517800,52,0
517900,52,0
518000,54,0
518100,52,0
518200,52,0
518300,50,0
518400,52,0
518500,52,0
518600,52,0
518700,52,0
518800,50,0
518900,50,0
519000,52,0
519100,52,0
519200,52,0
519300,54,0
519400,54,0
519500,52,0
519600,52,0
519700,52,0
519800,50,0
519900,52,0
520000,52,0
520100,52,0
520200,52,0
520300,50,0
520400,52,0
520500,52,0
520600,52,0
520700,52,0
520800,50,0
520900,50,0
521000,52,0
521100,52,0
521200,54,0
521300,54,0
521400,54,0
521500,56,0
521600,56,0
521700,58,0
521800,58,0
521900,58,0
522000,56,0
522100,58,0
522200,58,0
522300,58,0
522400,58,0
522500,56,0
522600,54,0
522700,54,0
522800,54,0
522900,54,0
523000,52,0
523100,52,0
523200,52,0
523300,52,0
523400,50,0
523500,50,0
523600,50,0
523700,50,0
523800,48,0
523900,48,0
524000,50,0
524100,50,0
524200,48,0
524300,48,0
524400,48,0
524500,48,0
524600,46,0
524700,46,0
524800,48,0
524900,48,0
525000,46,0
525100,46,0
525200,46,0
525300,46,0
525400,48,0
525500,50,0
525600,50,0
525700,50,0
525800,48,0
525900,48,0
526000,48,0
526100,48,0
526200,46,0
526300,46,0
526400,48,0
526500,46,0
526600,46,0
526700,44,0
526800,44,0
526900,42,0
527000,42,0
527100,42,0
527200,44,0
527300,44,0
527400,42,0
527500,42,0
527600,44,0
527700,44,0
527800,44,0
527900,44,0
528000,42,0
528100,42,0
528200,42,0
528300,42,0
528400,44,0
528500,44,0
528600,42,0
528700,44,0
528800,44,0
528900,44,0
529000,46,0
529100,46,0
529200,46,0
529300,46,0
529400,48,0
529500,48,0
529600,48,0
529700,50,0
529800,50,0
529900,50,0
530000,48,0
530100,50,0
530200,50,0
530300,48,0
530400,48,0
530500,50,0
530600,50,0
530700,50,0
530800,52,0
530900,54,0
531000,54,0
531100,56,0
531200,56,0
531300,58,0
531400,58,0
531500,58,0
531600,58,0
531700,56,0
531800,56,0
531900,56,0
532000,56,0
532100,54,0
532200,54,0
532300,54,0
532400,52,0
532500,54,0
532600,54,0
532700,56,0
532800,56,0
532900,54,0
533000,54,0
533100,54,0
533200,56,0
533300,56,0
533400,56,0
533500,58,0
533600,58,0
533700,58,0
533800,60,0
533900,58,0
534000,56,0
534100,56,0
534200,58,0
534300,58,0
534400,60,0
534500,60,0
534600,58,0
534700,58,0
534800,60,0
534900,60,0
535000,58,0
535100,58,0
535200,58,0
535300,60,0
535400,60,0
535500,58,0
535600,56,0
535700,56,0
535800,56,0
535900,54,0
536000,54,0
536100,52,0
536200,52,0
536300,52,0
536400,50,0
536500,50,0
536600,50,0
536700,52,0
536800,50,0
536900,52,0
537000,52,0
537100,52,0
537200,52,0
537300,54,0
537400,56,0
537500,56,0
537600,56,0
537700,54,0
537800,54,0
537900,56,0
538000,56,0
538100,56,0
538200,58,0
538300,58,0
538400,58,0
538500,60,0
538600,60,0
538700,60,0
538800,62,0
538900,60,0
539000,60,0
539100,60,0
539200,60,0
539300,62,0
539400,62,0
539500,60,0
539600,60,0
539700,60,0
539800,62,0
539900,62,0
540000,62,0
540100,62,0
540200,64,0
540300,64,0
540400,64,0
540500,64,0
540600,66,0
540700,66,0
540800,66,0
540900,68,0
541000,70,0
541100,70,0
541200,68,0
541300,68,0
541400,68,0
541500,68,0
541600,70,0
541700,70,0
541800,68,0
541900,70,0
542000,70,0
542100,70,0
542200,70,0
542300,70,0
542400,70,0
542500,70,0
542600,70,0
542700,70,0
542800,70,0
542900,70,0
543000,70,0
543100,70,0
543200,70,0
543300,70,0
543400,70,0
543500,68,0
543600,68,0
543700,70,0
543800,68,0
543900,68,0
544000,68,0
544100,66,0
544200,66,0
544300,66,0
544400,66,0
544500,68,0
544600,68,0
544700,68,0
544800,70,0
544900,70,0
545000,70,0
545100,70,0
545200,68,0
545300,68,0
545400,68,0
545500,68,0
545600,66,0
545700,66,0
545800,66,0
545900,66,0
546000,64,0
546100,66,0
546200,68,0
546300,70,0
546400,70,0
546500,70,0
546600,68,0
546700,68,0
546800,70,0
546900,70,0
547000,68,0
547100,70,0
547200,70,0
547300,70,0
547400,68,0
547500,68,0
547600,70,0
547700,68,0
547800,68,0
547900,68,0
548000,68,0
548100,70,0
548200,68,0
548300,68,0
548400,70,0
548500,70,0
548600,68,0
548700,70,0
548800,70,0
548900,70,0
549000,68,0
549100,70,0
549200,70,0
549300,70,0
549400,70,0
549500,70,0
549600,70,0
549700,70,0
549800,70,0
549900,70,0
550000,68,0
550100,68,0
550200,66,0
550300,64,0
550400,64,0
550500,64,0
550600,66,0
550700,66,0
550800,66,0
550900,68,0
551000,68,0
551100,70,0
551200,68,0
551300,68,0
551400,68,0
551500,68,0
551600,66,0
551700,66,0
551800,66,0
551900,68,0
552000,68,0
552100,68,0
552200,68,0
552300,70,0
552400,70,0
552500,70,0
552600,68,0
552700,68,0
552800,68,0
552900,66,0
553000,66,0
553100,66,0
553200,64,0
553300,62,0
553400,64,0
553500,64,0
553600,66,0
553700,64,0
553800,64,0
553900,64,0
554000,64,0
554100,62,0
554200,62,0
554300,62,0
554400,64,0
554500,64,0
554600,64,0
554700,62,0
554800,62,0
554900,62,0
555000,64,0
555100,64,0
555200,64,0
555300,64,0
555400,66,0
555500,66,0
555600,66,0
555700,66,0
555800,64,0
555900,64,0
556000,64,0
556100,64,0
556200,62,0
556300,64,0
556400,64,0
556500,64,0
556600,64,0
556700,66,0
556800,66,0
556900,66,0
557000,66,0
557100,64,0
557200,64,0
557300,66,0
557400,66,0
557500,66,0
557600,66,0
557700,68,0
557800,66,0
557900,66,0
558000,66,0
558100,66,0
558200,64,0
558300,66,0
558400,66,0
558500,66,0
558600,66,0
558700,68,0
558800,68,0
558900,70,0
559000,70,0
559100,70,0
559200,70,0
559300,70,0
559400,70,0
559500,70,0
559600,70,0
559700,70,0
559800,70,0
559900,70,0
560000,70,0
560100,70,0
560200,70,0
560300,70,0
560400,70,0
560500,70,0
560600,70,0
560700,70,0
560800,68,0
560900,68,0
561000,68,0
561100,68,0
561200,66,0
561300,66,0
561400,68,0
561500,68,0
561600,68,0
561700,66,0
561800,64,0
561900,64,0
562000,64,0
562100,62,0
562200,62,0
562300,62,0
562400,62,0
562500,60,0
562600,60,0
562700,62,0
562800,64,0
562900,64,0
563000,64,0
563100,64,0
563200,66,0
563300,66,0
563400,66,0
563500,64,0
563600,64,0
563700,64,0
563800,66,0
563900,66,0
564000,66,0
564100,64,0
564200,64,0
564300,62,0
564400,60,0
564500,58,0
564600,58,0
564700,58,0
564800,56,0
564900,56,0
565000,54,0
565100,54,0
565200,52,0
565300,50,0
565400,52,0
565500,52,0
565600,50,0
565700,50,0
565800,48,0
565900,46,0
566000,44,0
566100,44,0
566200,42,0
566300,42,0
566400,42,0
566500,40,0
566600,42,0
566700,40,0
566800,40,0
566900,40,0
567000,40,0
567100,38,0
567200,40,0
567300,40,0
567400,40,0
567500,40,0
567600,38,0
567700,38,0
567800,38,0
567900,38,0
568000,40,0
568100,40,0
568200,42,0
568300,42,0
568400,42,0
568500,42,0
568600,40,0
568700,42,0
568800,42,0
568900,42,0
569000,42,0
569100,40,0
569200,38,0
569300,38,0
569400,36,0
569500,36,0
569600,36,0
569700,34,0
569800,34,0
569900,34,0
570000,36,0
570100,38,0
570200,38,0
570300,38,0
570400,40,0
570500,42,0
570600,44,0
570700,44,0
570800,44,0
570900,44,0
571000,46,0
571100,46,0
571200,44,0
571300,42,0
571400,42,0
571500,42,0
571600,42,0
571700,40,0
571800,40,0
571900,42,0
572000,42,0
572100,40,0
572200,40,0
572300,38,0
572400,38,0
572500,38,0
572600,36,0
572700,36,0
572800,34,0
572900,32,0
573000,32,0
573100,30,0
573200,30,0
573300,32,0
573400,32,0
573500,30,0
573600,30,0
573700,30,0
573800,30,0
573900,32,0
574000,32,0
574100,32,0
574200,32,0
574300,30,0
574400,30,0
574500,30,0
574600,30,0
574700,30,0
574800,30,0
574900,30,0
575000,30,0
575100,30,0
575200,30,0
575300,30,0
575400,30,0
575500,30,0
575600,30,0
575700,30,0
575800,30,0
575900,30,0
576000,30,0
576100,30,0
576200,30,0
576300,30,0
576400,30,0
576500,30,0
576600,32,0
576700,32,0
576800,32,0
576900,30,0
577000,30,0
577100,30,0
577200,30,0
577300,30,0
577400,32,0
577500,32,0
577600,32,0
577700,32,0
577800,30,0
577900,30,0
578000,30,0
578100,30,0
578200,30,0
578300,30,0
578400,30,0
578500,30,0
578600,30,0
578700,32,0
578800,32,0
578900,32,0
579000,34,0
579100,36,0
579200,36,0
579300,36,0
579400,38,0
579500,38,0
579600,36,0
579700,34,0
579800,34,0
579900,34,0
580000,34,0
580100,32,0
580200,32,0
580300,32,0
580400,32,0
580500,30,0
580600,30,0
580700,30,0
580800,30,0
580900,30,0
581000,30,0
581100,30,0
581200,30,0
581300,30,0
581400,30,0
581500,30,0
581600,30,0
581700,30,0
581800,32,0
581900,32,0
582000,34,0
582100,34,0
582200,34,0
582300,32,0
582400,32,0
582500,32,0
582600,32,0
582700,30,0
582800,30,0
582900,30,0
583000,30,0
583100,30,0
583200,30,0
583300,30,0
583400,30,0
583500,30,0
583600,30,0
583700,30,0
583800,30,0
583900,30,0
584000,30,0
584100,30,0
584200,30,0
584300,30,0
584400,30,0
584500,30,0
584600,30,0
584700,30,0
584800,30,0
584900,32,0
585000,32,0
585100,32,0
585200,32,0
585300,30,0
585400,30,0
585500,30,0
585600,30,0
585700,30,0
585800,30,0
585900,30,0
586000,32,0
586100,32,0
586200,32,0
586300,30,0
586400,30,0
586500,30,0
586600,30,0
586700,30,0
586800,30,0
586900,30,0
587000,30,0
587100,30,0
587200,32,0
587300,32,0
587400,32,0
587500,30,0
587600,30,0
587700,30,0
587800,30,0
587900,32,0
588000,32,0
588100,32,0
588200,30,0
588300,30,0
588400,30,0
588500,32,0
588600,32,0
588700,30,0
588800,30,0
588900,30,0
589000,30,0
589100,30,0
589200,30,0
589300,30,0
589400,30,0
589500,32,0
589600,32,0
589700,32,0
589800,30,0
589900,30,0
590000,30,0
590100,30,0
590200,30,0
590300,30,0
590400,30,0
590500,32,0
590600,32,0
590700,34,0
590800,34,0
590900,34,0
591000,32,0
591100,32,0
591200,30,0
591300,32,0
591400,32,0
591500,32,0
591600,34,0
591700,36,0
591800,34,0
591900,34,0
592000,32,0
592100,32,0
592200,30,0
592300,30,0
592400,30,0
592500,32,0
592600,32,0
592700,32,0
592800,32,0
592900,34,0
593000,34,0
593100,34,0
593200,34,0
593300,36,0
593400,38,0
593500,36,0
593600,36,0
593700,36,0
593800,34,0
593900,34,0
594000,36,0
594100,34,0
594200,34,0
594300,34,0
594400,34,0
594500,36,0
594600,36,0
594700,36,0
594800,36,0
594900,34,0
595000,32,0
595100,32,0
595200,32,0
595300,32,0
595400,34,0
595500,32,0
595600,30,0
595700,30,0
595800,30,0
595900,30,0
596000,30,0
596100,30,0
596200,30,0
596300,30,0
596400,32,0
596500,34,0
596600,34,0
596700,34,0
596800,36,0
596900,36,0
597000,36,0
597100,38,0
597200,38,0
597300,36,0
597400,38,0
597500,38,0
597600,38,0
597700,40,0
597800,40,0
597900,40,0
598000,40,0
598100,42,0
598200,42,0
598300,42,0
598400,40,0
598500,40,0
598600,40,0
598700,42,0
598800,42,0
598900,42,0
599000,44,0
599100,42,0
599200,42,0
599300,40,0
599400,40,0
599500,42,0
599600,42,0
599700,42,0
599800,42,0
599900,44,0
600000,44,0
600100,46,0
600200,46,0
600300,46,0
600400,46,0
600500,48,0
600600,50,0
600700,50,0
600800,50,0
600900,50,0
601000,52,0
601100,50,0
601200,52,0
601300,52,0
601400,52,0
601500,54,0
601600,54,0
601700,54,0
601800,56,0
601900,54,0
602000,54,0
602100,54,0
602200,56,0
602300,56,0
602400,54,0
602500,54,0
602600,56,0
602700,56,0
602800,56,0
602900,58,0
603000,58,0
603100,56,0
603200,56,0
603300,56,0
603400,56,0
603500,58,0
603600,58,0
603700,58,0
603800,58,0
603900,60,0
604000,60,0
604100,62,0
604200,62,0
604300,62,0
604400,62,0
604500,60,0
604600,60,0
604700,60,0
604800,60,0
604900,62,0
605000,62,0
605100,64,0
605200,62,0
605300,62,0
605400,64,0
605500,64,0
605600,64,0
605700,64,0
605800,62,0
605900,64,0
606000,64,0
606100,62,0
606200,62,0
606300,62,0
606400,62,0
606500,60,0
606600,60,0
606700,60,0
606800,60,0
606900,62,0
607000,62,0
607100,62,0
607200,64,0
607300,64,0
607400,64,0
607500,62,0
607600,62,0
607700,60,0
607800,60,0
607900,62,0
608000,62,0
608100,64,0
608200,62,0
608300,62,0
608400,62,0
608500,60,0
608600,60,0
608700,60,0
608800,58,0
608900,58,0
609000,58,0
609100,58,0
609200,56,0
609300,56,0
609400,56,0
609500,56,0
609600,58,0
609700,58,0
609800,56,0
609900,56,0
610000,56,0
610100,56,0
610200,54,0
610300,54,0
610400,54,0
610500,54,0
610600,52,0
610700,54,0
610800,52,0
610900,52,0
611000,52,0
611100,52,0
611200,50,0
611300,48,0
611400,48,0
611500,48,0
611600,50,0
611700,50,0
611800,50,0
611900,50,0
612000,48,0
612100,48,0
612200,48,0
612300,48,0
612400,46,0
612500,46,0
612600,46,0
612700,46,0
612800,44,0
612900,42,0
613000,42,0
613100,42,0
613200,44,0
613300,44,0
613400,42,0
613500,42,0
613600,42,0
613700,40,0
613800,40,0
613900,40,0
614000,38,0
614100,38,0
614200,36,0
614300,36,0
614400,36,0
614500,36,0
614600,38,0
614700,38,0
614800,38,0
614900,38,0
615000,40,0
615100,40,0
615200,42,0
615300,42,0
615400,42,0
615500,42,0
615600,44,0
615700,42,0
615800,42,0
615900,40,0
616000,40,0
616100,42,0
616200,44,0
616300,44,0
616400,44,0
616500,44,0
616600,42,0
616700,42,0
616800,42,0
616900,44,0
617000,44,0
617100,44,0
617200,44,0
617300,42,0
617400,42,0
617500,44,0
617600,42,0
617700,42,0
617800,42,0
617900,42,0
618000,40,0
618100,42,0
618200,40,0
618300,40,0
618400,40,0
618500,42,0
618600,42,0
618700,42,0
618800,44,0
618900,44,0
619000,46,0
619100,46,0
619200,48,0
619300,48,0
619400,48,0
619500,46,0
619600,46,0
619700,46,0
619800,46,0
619900,48,0
620000,48,0
620100,46,0
620200,44,0
620300,46,0
620400,48,0
620500,48,0
620600,46,0
620700,46,0
620800,46,0
620900,46,0
621000,44,0
621100,42,0
621200,42,0
621300,42,0
621400,42,0
621500,44,0
621600,44,0
621700,44,0
621800,44,0
621900,42,0
622000,42,0
622100,42,0
622200,42,0
622300,44,0
622400,44,0
622500,44,0
622600,44,0
622700,42,0
622800,42,0
622900,42,0
623000,42,0
623100,40,0
623200,40,0
623300,40,0
623400,40,0
623500,38,0
623600,38,0
623700,38,0
623800,38,0
623900,40,0
624000,38,0
624100,38,0
624200,38,0
624300,40,0
624400,40,0
624500,40,0
624600,38,0
624700,36,0
624800,36,0
624900,36,0
625000,36,0
625100,38,0
625200,38,0
625300,36,0
625400,38,0
625500,38,0
625600,38,0
625700,36,0
625800,36,0
625900,36,0
626000,38,0
626100,40,0
626200,42,0
626300,42,0
626400,44,0
626500,44,0
626600,44,0
626700,42,0
626800,42,0
626900,42,0
627000,42,0
627100,44,0
627200,44,0
627300,44,0
627400,46,0
627500,46,0
627600,44,0
627700,44,0
627800,42,0
627900,42,0
628000,42,0
628100,40,0
628200,40,0
628300,40,0
628400,38,0
628500,38,0
628600,38,0
628700,36,0
628800,36,0
628900,34,0
629000,34,0
629100,34,0
629200,34,0
629300,36,0
629400,38,0
629500,38,0
629600,38,0
629700,38,0
629800,40,0
629900,40,0
630000,40,0
630100,40,0
630200,42,0
630300,42,0
630400,42,0
630500,40,0
630600,40,0
630700,42,0
630800,42,0
630900,44,0
631000,44,0
631100,46,0
631200,46,0
631300,46,0
631400,46,0
631500,48,0
631600,46,0
631700,46,0
631800,46,0
631900,46,0
632000,44,0
632100,44,0
632200,46,0
632300,46,0
632400,46,0
632500,46,0
632600,48,0
632700,48,0
632800,46,0
632900,48,0
633000,48,0
633100,50,0
633200,50,0
633300,50,0
633400,52,0
633500,52,0
633600,52,0
633700,52,0
633800,50,0
633900,50,0
634000,52,0
634100,52,0
634200,50,0
634300,50,0
634400,50,0
634500,50,0
634600,52,0
634700,52,0
634800,50,0
634900,50,0
635000,50,0
635100,50,0
635200,48,0
635300,46,0
635400,46,0
635500,46,0
635600,48,0
635700,46,0
635800,46,0
635900,44,0
636000,44,0
636100,42,0
636200,40,0
636300,40,0
636400,42,0
636500,44,0
636600,42,0
636700,42,0
636800,44,0
636900,42,0
637000,42,0
637100,42,0
637200,42,0
637300,44,0
637400,44,0
637500,44,0
637600,42,0
637700,42,0
637800,42,0
637900,42,0
638000,40,0
638100,42,0
638200,42,0
638300,44,0
638400,44,0
638500,44,0
638600,44,0
638700,46,0
638800,46,0
638900,44,0
639000,42,0
639100,42,0
639200,42,0
639300,40,0
639400,38,0
639500,38,0
639600,36,0
639700,36,0
639800,38,0
639900,38,0
640000,38,0
640100,36,0
640200,36,0
640300,36,0
640400,34,0
640500,34,0
640600,34,0
640700,34,0
640800,32,0
640900,32,0
641000,32,0
641100,32,0
641200,30,0
641300,30,0
641400,30,0
641500,30,0
641600,30,0
641700,32,0
641800,32,0
641900,30,0
642000,30,0
642100,30,0
642200,32,0
642300,32,0
642400,34,0
642500,34,0
642600,34,0
642700,36,0
642800,34,0
642900,34,0
643000,36,0
643100,36,0
643200,36,0
643300,36,0
643400,38,0
643500,38,0
643600,36,0
643700,36,0
643800,36,0
643900,36,0
644000,38,0
644100,38,0
644200,38,0
644300,38,0
644400,36,0
644500,38,0
644600,38,0
644700,38,0
644800,40,0
644900,38,0
645000,38,0
645100,38,0
645200,36,0
645300,36,0
645400,38,0
645500,36,0
645600,36,0
645700,36,0
645800,38,0
645900,38,0
646000,38,0
646100,40,0
646200,38,0
646300,38,0
646400,38,0
646500,36,0
646600,36,0
646700,34,0
646800,34,0
646900,36,0
647000,36,0
647100,34,0
647200,34,0
647300,34,0
647400,34,0
647500,32,0
647600,32,0
647700,32,0
647800,30,0
647900,30,0
648000,30,0
648100,32,0
648200,34,0
648300,32,0
648400,32,0
648500,30,0
648600,30,0
648700,30,0
648800,30,0
648900,30,0
649000,30,0
649100,30,0
649200,30,0
649300,32,0
649400,32,0
649500,32,0
649600,34,0
649700,34,0
649800,34,0
649900,34,0
650000,32,0
650100,32,0
650200,32,0
650300,32,0
650400,34,0
650500,36,0
650600,36,0
650700,36,0
650800,34,0
650900,34,0
651000,34,0
651100,32,0
651200,30,0
651300,30,0
651400,30,0
651500,32,0
651600,32,0
651700,32,0
651800,32,0
651900,30,0
652000,30,0
652100,30,0
652200,30,0
652300,32,0
652400,32,0
652500,32,0
652600,34,0
652700,34,0
652800,34,0
652900,34,0
653000,32,0
653100,32,0
653200,32,0
653300,30,0
653400,30,0
653500,30,0
653600,30,0
653700,32,0
653800,32,0
653900,32,0
654000,34,0
654100,34,0
654200,34,0
654300,32,0
654400,32,0
654500,30,0
654600,30,0
654700,30,0
654800,30,0
654900,30,0
655000,30,0
655100,30,0
655200,30,0
655300,30,0
655400,30,0
655500,30,0
655600,30,0
655700,30,0
655800,32,0
655900,32,0
656000,32,0
656100,30,0
656200,32,0
656300,32,0
656400,32,0
656500,32,0
656600,30,0
656700,30,0
656800,30,0
656900,30,0
657000,32,0
657100,30,0
657200,30,0
657300,30,0
657400,30,0
657500,30,0
657600,30,0
657700,32,0
657800,32,0
657900,32,0
658000,32,0
658100,30,0
658200,30,0
658300,30,0
658400,30,0
658500,30,0
658600,30,0
658700,32,0
658800,32,0
658900,32,0
659000,32,0
659100,34,0
659200,34,0
659300,34,0
659400,32,0
659500,32,0
659600,34,0
659700,34,0
659800,34,0
659900,36,0
660000,36,0
660100,36,0
660200,36,0
660300,38,0
660400,38,0
660500,38,0
660600,36,0
660700,34,0
660800,34,0
660900,34,0
661000,36,0
661100,36,0
661200,36,0
661300,38,0
661400,38,0
661500,40,0
661600,38,0
661700,36,0
661800,36,0
661900,36,0
662000,38,0
662100,38,0
662200,38,0
662300,40,0
662400,40,0
662500,42,0
662600,42,0
662700,42,0
662800,42,0
662900,40,0
663000,40,0
663100,40,0
663200,38,0
663300,40,0
663400,40,0
663500,38,0
663600,38,0
663700,38,0
663800,36,0
663900,36,0
664000,36,0
664100,34,0
664200,34,0
664300,34,0
664400,32,0
664500,32,0
664600,30,0
664700,30,0
664800,30,0
664900,30,0
665000,30,0
665100,30,0
665200,30,0
665300,30,0
665400,32,0
665500,32,0
665600,32,0
665700,32,0
665800,30,0
665900,32,0
666000,34,0
666100,34,0
666200,34,0
666300,36,0
666400,34,0
666500,34,0
666600,34,0
666700,36,0
666800,36,0
666900,36,0
667000,34,0
667100,34,0
667200,32,0
667300,32,0
667400,30,0
667500,30,0
667600,30,0
667700,32,0
667800,30,0
667900,30,0
668000,32,0
668100,30,0
668200,30,0
668300,30,0
668400,30,0
668500,32,0
668600,32,0
668700,32,0
668800,32,0
668900,34,0
669000,34,0
669100,34,0
669200,32,0
669300,32,0
669400,32,0
669500,32,0
669600,30,0
669700,30,0
669800,30,0
669900,30,0
670000,30,0
670100,32,0
670200,32,0
670300,32,0
670400,30,0
670500,30,0
670600,30,0
670700,30,0
670800,30,0
670900,30,0
671000,30,0
671100,30,0
671200,30,0
671300,30,0
671400,30,0
671500,30,0
671600,32,0
671700,30,0
671800,30,0
671900,30,0
672000,30,0
672100,30,0
672200,30,0
672300,30,0
672400,30,0
672500,30,0
672600,32,0
672700,30,0
672800,30,0
672900,30,0
673000,30,0
673100,32,0
673200,32,0
673300,32,0
673400,34,0
673500,36,0
673600,36,0
673700,36,0
673800,38,0
673900,38,0
674000,38,0
674100,38,0
674200,36,0
674300,38,0
674400,38,0
674500,38,0
674600,40,0
674700,40,0
674800,40,0
674900,40,0
675000,42,0
675100,42,0
675200,42,0
675300,42,0
675400,44,0
675500,44,0
675600,44,0
675700,42,0
675800,40,0
675900,40,0
676000,40,0
676100,38,0
676200,38,0
676300,40,0
676400,40,0
676500,40,0
676600,38,0
676700,38,0
676800,38,0
676900,38,0
677000,36,0
677100,36,0
677200,36,0
677300,34,0
677400,34,0
677500,36,0
677600,36,0
677700,36,0
677800,34,0
677900,32,0
678000,32,0
678100,32,0
678200,34,0
678300,36,0
678400,34,0
678500,34,0
678600,34,0
678700,36,0
678800,38,0
678900,38,0
679000,36,0
679100,36,0
679200,36,0
679300,34,0
679400,34,0
679500,34,0
679600,36,0
679700,36,0
679800,36,0
679900,36,0
680000,38,0
680100,36,0
680200,36,0
680300,36,0
680400,34,0
680500,34,0
680600,34,0
680700,34,0
680800,32,0
680900,30,0
681000,30,0
681100,32,0
681200,30,0
681300,30,0
681400,30,0
681500,30,0
681600,30,0
681700,30,0
681800,30,0
681900,30,0
682000,30,0
682100,30,0
682200,30,0
682300,32,0
682400,34,0
682500,34,0
682600,34,0
682700,32,0
682800,32,0
682900,32,0
683000,30,0
683100,30,0
683200,30,0
683300,30,0
683400,30,0
683500,30,0
683600,30,0
683700,30,0
683800,30,0
683900,30,0
684000,30,0
684100,30,0
684200,32,0
684300,32,0
684400,30,0
684500,30,0
684600,30,0
684700,30,0
684800,30,0
684900,30,0
685000,30,0
685100,30,0
685200,32,0
685300,32,0
685400,32,0
685500,30,0
685600,30,0
685700,30,0
685800,30,0
685900,30,0
686000,30,0
686100,30,0
686200,30,0
686300,30,0
686400,30,0
686500,32,0
686600,32,0
686700,32,0
686800,32,0
686900,34,0
687000,34,0
687100,34,0
687200,34,0
687300,36,0
687400,36,0
687500,36,0
687600,36,0
687700,34,0
687800,34,0
687900,34,0
688000,34,0
688100,36,0
688200,36,0
688300,36,0
688400,36,0
688500,34,0
688600,34,0
688700,36,0
688800,36,0
688900,36,0
689000,36,0
689100,38,0
689200,40,0
689300,38,0
689400,38,0
689500,38,0
689600,36,0
689700,36,0
689800,34,0
689900,34,0
690000,32,0
690100,32,0
690200,32,0
690300,34,0
690400,36,0
690500,36,0
690600,36,0
690700,34,0
690800,34,0
690900,34,0
691000,32,0
691100,30,0
691200,30,0
691300,30,0
691400,30,0
691500,30,0
691600,30,0
691700,30,0
691800,30,0
691900,30,0
692000,30,0
692100,30,0
692200,30,0
692300,30,0
692400,30,0
692500,30,0
692600,30,0
692700,30,0
692800,30,0
692900,32,0
693000,32,0
693100,32,0
693200,34,0
693300,34,0
693400,34,0
693500,32,0
693600,32,0
693700,32,0
693800,30,0
693900,30,0
694000,32,0
694100,34,0
694200,34,0
694300,34,0
694400,32,0
694500,32,0
694600,32,0
694700,30,0
694800,30,0
694900,30,0
695000,32,0
695100,34,0
695200,34,0
695300,34,0
695400,36,0
695500,36,0
695600,36,0
695700,36,0
695800,34,0
695900,34,0
696000,34,0
696100,34,0
696200,36,0
696300,36,0
696400,36,0
696500,34,0
696600,34,0
696700,32,0
696800,32,0
696900,32,0
697000,30,0
697100,30,0
697200,32,0
697300,34,0
697400,34,0
697500,32,0
697600,32,0
697700,32,0
697800,30,0
697900,30,0
698000,30,0
698100,30,0
698200,30,0
698300,30,0
698400,32,0
698500,32,0
698600,32,0
698700,32,0
698800,30,0
698900,30,0
699000,30,0
699100,30,0
699200,32,0
699300,32,0
699400,32,0
699500,32,0
699600,30,0
699700,30,0
699800,32,0
699900,32,0
700000,32,0
700100,32,0
700200,30,0
700300,30,0
700400,30,0
700500,30,0
700600,32,0
700700,32,0
700800,30,0
700900,30,0
701000,30,0
701100,30,0
701200,30,0
701300,30,0
701400,30,0
701500,30,0
701600,32,0
701700,32,0
701800,32,0
701900,30,0
702000,30,0
702100,30,0
702200,30,0
702300,32,0
702400,32,0
702500,32,0
702600,30,0
702700,30,0
702800,30,0
702900,32,0
703000,32,0
703100,32,0
703200,32,0
703300,30,0
703400,30,0
703500,30,0
703600,32,0
703700,30,0
703800,30,0
703900,30,0
704000,30,0
704100,32,0
704200,32,0
704300,30,0
704400,30,0
704500,30,0
704600,30,0
704700,30,0
704800,30,0
704900,32,0
705000,34,0
705100,36,0
705200,38,0
705300,38,0
705400,40,0
705500,40,0
705600,40,0
705700,40,0
705800,42,0
705900,44,0
706000,42,0
706100,42,0
706200,40,0
706300,42,0
706400,42,0
706500,44,0
706600,44,0
706700,44,0
706800,44,0
706900,42,0
707000,42,0
707100,42,0
707200,42,0
707300,40,0
707400,40,0
707500,42,0
707600,44,0
707700,44,0
707800,42,0
707900,42,0
708000,42,0
708100,42,0
708200,40,0
708300,40,0
708400,40,0
708500,42,0
708600,42,0
708700,40,0
708800,40,0
708900,42,0
709000,42,0
709100,42,0
709200,42,0
709300,44,0
709400,44,0
709500,44,0
709600,44,0
709700,46,0
709800,44,0
709900,44,0
710000,44,0
710100,42,0
710200,40,0
710300,40,0
710400,40,0
710500,38,0
710600,36,0
710700,34,0
710800,34,0
710900,34,0
711000,34,0
711100,36,0
711200,36,0
711300,36,0
711400,36,0
711500,38,0
711600,38,0
711700,38,0
711800,38,0
711900,36,0
712000,36,0
712100,36,0
712200,38,0
712300,38,0
712400,38,0
712500,38,0
712600,36,0
712700,36,0
712800,36,0
712900,34,0
713000,34,0
713100,34,0
713200,36,0
713300,36,0
713400,38,0
713500,38,0
713600,38,0
713700,40,0
713800,40,0
713900,40,0
714000,40,0
714100,42,0
714200,42,0
714300,44,0
714400,44,0
714500,46,0
714600,46,0
714700,44,0
714800,42,0
714900,42,0
715000,42,0
715100,42,0
715200,44,0
715300,42,0
715400,42,0
715500,42,0
715600,40,0
715700,40,0
715800,42,0
715900,42,0
716000,40,0
716100,40,0
716200,40,0
716300,40,0
716400,42,0
716500,40,0
716600,40,0
716700,38,0
716800,38,0
716900,38,0
717000,38,0
717100,36,0
717200,36,0
717300,36,0
717400,34,0
717500,34,0
717600,36,0
717700,34,0
717800,34,0
717900,34,0
718000,34,0
718100,32,0
718200,30,0
718300,30,0
718400,32,0
718500,32,0
718600,32,0
718700,30,0
718800,30,0
718900,32,0
719000,34,0
719100,34,0
719200,34,0
719300,36,0
719400,34,0
719500,36,0
719600,34,0
719700,34,0
719800,36,0
719900,34,0
720000,34,0
720100,34,0
720200,34,0
720300,36,0
720400,36,0
720500,36,0
720600,34,0
720700,34,0
720800,34,0
720900,34,0
721000,36,0
721100,36,0
721200,36,0
721300,36,0
721400,38,0
721500,38,0
721600,38,0
721700,38,0
721800,40,0
721900,38,0
722000,38,0
722100,40,0
722200,40,0
722300,40,0
722400,38,0
722500,38,0
722600,36,0
722700,36,0
722800,34,0
722900,34,0
723000,34,0
723100,34,0
723200,36,0
723300,36,0
723400,38,0
723500,38,0
723600,38,0
723700,40,0
723800,40,0
723900,40,0
724000,42,0
724100,42,0
724200,42,0
724300,44,0
724400,44,0
724500,44,0
724600,44,0
724700,42,0
724800,40,0
724900,38,0
725000,38,0
725100,36,0
725200,38,0
725300,38,0
725400,36,0
725500,38,0
725600,40,0
725700,40,0
725800,40,0
725900,40,0
726000,42,0
726100,42,0
726200,44,0
726300,44,0
726400,42,0
726500,42,0
726600,40,0
726700,40,0
726800,40,0
726900,40,0
727000,38,0
727100,38,0
727200,36,0
727300,36,0
727400,38,0
727500,38,0
727600,38,0
727700,38,0
727800,36,0
727900,36,0
728000,34,0
728100,34,0
728200,36,0
728300,36,0
728400,38,0
728500,38,0
728600,38,0
728700,40,0
728800,38,0
728900,38,0
729000,40,0
729100,40,0
729200,40,0
729300,40,0
729400,38,0
729500,38,0
729600,38,0
729700,36,0
729800,36,0
729900,36,0
730000,38,0
730100,36,0
730200,38,0
730300,38,0
730400,36,0
730500,34,0
730600,36,0
730700,36,0
730800,36,0
730900,34,0
731000,36,0
731100,36,0
731200,36,0
731300,36,0
731400,38,0
731500,38,0
731600,38,0
731700,40,0
731800,40,0
731900,40,0
732000,40,0
732100,38,0
732200,38,0
732300,38,0
732400,38,0
732500,36,0
732600,34,0
732700,34,0
732800,34,0
732900,34,0
733000,32,0
733100,32,0
733200,34,0
733300,34,0
733400,34,0
733500,34,0
733600,36,0
733700,36,0
733800,38,0
733900,38,0
734000,38,0
734100,40,0
734200,40,0
734300,38,0
734400,38,0
734500,40,0
734600,38,0
734700,38,0
734800,38,0
734900,36,0
735000,36,0
735100,36,0
735200,36,0
735300,38,0
735400,38,0
735500,36,0
735600,36,0
735700,36,0
735800,34,0
735900,36,0
736000,36,0
736100,36,0
736200,36,0
736300,38,0
736400,36,0
736500,36,0
736600,38,0
736700,36,0
736800,36,0
736900,36,0
737000,34,0
737100,34,0
737200,34,0
737300,32,0
737400,32,0
737500,32,0
737600,30,0
737700,30,0
737800,30,0
737900,30,0
738000,30,0
738100,30,0
738200,30,0
738300,30,0
738400,30,0
738500,30,0
738600,32,0
738700,34,0
738800,34,0
738900,36,0
739000,36,0
739100,36,0
739200,34,0
739300,34,0
739400,34,0
739500,34,0
739600,36,0
739700,36,0
739800,34,0
739900,34,0
740000,34,0
740100,34,0
740200,36,0
740300,36,0
740400,38,0
740500,38,0
740600,36,0
740700,36,0
740800,34,0
740900,34,0
741000,34,0
741100,34,0
741200,36,0
741300,36,0
741400,36,0
741500,34,0
741600,34,0
741700,34,0
741800,34,0
741900,36,0
742000,36,0
742100,36,0
742200,38,0
742300,40,0
742400,40,0
742500,42,0
742600,42,0
742700,42,0
742800,42,0
742900,40,0
743000,40,0
743100,40,0
743200,40,0
743300,42,0
743400,42,0
743500,44,0
743600,44,0
743700,42,0
743800,42,0
743900,42,0
744000,40,0
744100,38,0
744200,38,0
744300,38,0
744400,36,0
744500,36,0
744600,36,0
744700,36,0
744800,34,0
744900,34,0
745000,34,0
745100,32,0
745200,34,0
745300,34,0
745400,32,0
745500,32,0
745600,32,0
745700,32,0
745800,34,0
745900,34,0
746000,34,0
746100,34,0
746200,36,0
746300,34,0
746400,34,0
746500,34,0
746600,36,0
746700,36,0
746800,34,0
746900,34,0
747000,34,0
747100,34,0
747200,36,0
747300,36,0
747400,34,0
747500,34,0
747600,36,0
747700,36,0
747800,36,0
747900,36,0
748000,34,0
748100,34,0
748200,34,0
748300,36,0
748400,36,0
748500,36,0
748600,34,0
748700,34,0
748800,34,0
748900,32,0
749000,32,0
749100,32,0
749200,32,0
749300,30,0
749400,30,0
749500,30,0
749600,30,0
749700,30,0
749800,32,0
749900,32,0
750000,32,0
750100,32,0
750200,34,0
750300,34,0
750400,34,0
750500,36,0
750600,36,0
750700,34,0
750800,32,0
750900,34,0
751000,34,0
751100,34,0
751200,32,0
751300,32,0
751400,32,0
751500,30,0
751600,30,0
751700,30,0
751800,30,0
751900,30,0
752000,30,0
752100,30,0
752200,30,0
752300,30,0
752400,32,0
752500,32,0
752600,30,0
752700,32,0
752800,32,0
752900,32,0
753000,32,0
753100,30,0
753200,30,0
753300,32,0
753400,32,0
753500,34,0
753600,32,0
753700,32,0
753800,32,0
753900,32,0
754000,34,0
754100,32,0
754200,32,0
754300,34,0
754400,34,0
754500,34,0
754600,34,0
754700,36,0
754800,36,0
754900,36,0
755000,38,0
755100,38,0
755200,36,0
755300,36,0
755400,36,0
755500,38,0
755600,38,0
755700,38,0
755800,40,0
755900,38,0
756000,38,0
756100,40,0
756200,40,0
756300,40,0
756400,40,0
756500,42,0
756600,40,0
756700,40,0
756800,40,0
756900,40,0
757000,38,0
757100,40,0
757200,40,0
757300,40,0
757400,38,0
757500,38,0
757600,38,0
757700,38,0
757800,36,0
757900,36,0
758000,34,0
758100,34,0
758200,34,0
758300,34,0
758400,36,0
758500,36,0
758600,36,0
758700,36,0
758800,34,0
758900,34,0
759000,32,0
759100,32,0
759200,30,0
759300,32,0
759400,32,0
759500,34,0
759600,34,0
759700,36,0
759800,36,0
759900,36,0
760000,36,0
760100,34,0
760200,34,0
760300,34,0
760400,34,0
760500,36,0
760600,36,0
760700,34,0
760800,34,0
760900,36,0
761000,38,0
761100,38,0
761200,36,0
761300,36,0
761400,36,0
761500,36,0
761600,34,0
761700,36,0
761800,36,0
761900,36,0
762000,36,0
762100,34,0
762200,34,0
762300,32,0
762400,32,0
762500,32,0
762600,32,0
762700,30,0
762800,30,0
762900,30,0
763000,30,0
763100,30,0
763200,32,0
763300,32,0
763400,30,0
763500,30,0
763600,30,0
763700,30,0
763800,30,0
763900,30,0
764000,30,0
764100,30,0
764200,30,0
764300,30,0
764400,30,0
764500,30,0
764600,30,0
764700,32,0
764800,32,0
764900,32,0
765000,34,0
765100,32,0
765200,30,0
765300,30,0
765400,30,0
765500,30,0
765600,30,0
765700,32,0
765800,32,0
765900,32,0
766000,34,0
766100,36,0
766200,38,0
766300,40,0
766400,40,0
766500,40,0
766600,40,0
766700,38,0
766800,38,0
766900,38,0
767000,40,0
767100,40,0
767200,38,0
767300,38,0
767400,38,0
767500,38,0
767600,40,0
767700,40,0
767800,38,0
767900,38,0
768000,38,0
768100,36,0
768200,38,0
768300,38,0
768400,38,0
768500,38,0
768600,40,0
768700,40,0
768800,40,0
768900,40,0
769000,38,0
769100,38,0
769200,38,0
769300,36,0
769400,36,0
769500,36,0
769600,34,0
769700,34,0
769800,36,0
769900,36,0
770000,36,0
770100,34,0
770200,34,0
770300,34,0
770400,34,0
770500,32,0
770600,32,0
770700,32,0
770800,30,0
770900,32,0
771000,32,0
771100,32,0
771200,32,0
771300,34,0
771400,34,0
771500,34,0
771600,34,0
771700,32,0
771800,32,0
771900,32,0
772000,32,0
772100,30,0
772200,30,0
772300,32,0
772400,30,0
772500,30,0
772600,30,0
772700,32,0
772800,32,0
772900,32,0
773000,30,0
773100,30,0
773200,32,0
773300,32,0
773400,34,0
773500,34,0
773600,34,0
773700,36,0
773800,36,0
773900,36,0
774000,38,0
774100,38,0
774200,38,0
774300,36,0
774400,36,0
774500,36,0
774600,36,0
774700,38,0
774800,38,0
774900,38,0
775000,38,0
775100,36,0
775200,36,0
775300,36,0
775400,38,0
775500,36,0
775600,36,0
775700,36,0
775800,36,0
775900,34,0
776000,34,0
776100,34,0
776200,34,0
776300,36,0
776400,36,0
776500,34,0
776600,34,0
776700,34,0
776800,34,0
776900,32,0
777000,30,0
777100,30,0
777200,30,0
777300,30,0
777400,30,0
777500,32,0
777600,32,0
777700,32,0
777800,30,0
777900,30,0
778000,30,0
778100,30,0
778200,30,0
778300,30,0
778400,32,0
778500,34,0
778600,36,0
778700,38,0
778800,38,0
778900,38,0
779000,36,0
779100,36,0
779200,36,0
779300,38,0
779400,38,0
779500,36,0
779600,36,0
779700,36,0
779800,38,0
779900,38,0
780000,36,0
780100,36,0
780200,36,0
780300,36,0
780400,38,0
780500,40,0
780600,40,0
780700,40,0
780800,40,0
780900,42,0
781000,42,0
781100,42,0
781200,42,0
781300,40,0
781400,38,0
781500,38,0
781600,38,0
781700,36,0
781800,36,0
781900,36,0
782000,36,0
782100,38,0
782200,38,0
782300,40,0
782400,40,0
782500,40,0
782600,40,0
782700,42,0
782800,40,0
782900,38,0
783000,36,0
783100,36,0
783200,36,0
783300,34,0
783400,32,0
783500,32,0
783600,32,0
783700,32,0
783800,34,0
783900,34,0
784000,34,0
784100,34,0
784200,36,0
784300,36,0
784400,34,0
784500,34,0
784600,34,0
784700,32,0
784800,32,0
784900,32,0
785000,34,0
785100,32,0
785200,34,0
785300,36,0
785400,36,0
785500,36,0
785600,34,0
785700,36,0
785800,34,0
785900,34,0
786000,34,0
786100,34,0
786200,32,0
786300,32,0
786400,34,0
786500,32,0
786600,32,0
786700,32,0
786800,30,0
786900,30,0
787000,30,0
787100,30,0
787200,30,0
787300,30,0
787400,30,0
787500,30,0
787600,30,0
787700,32,0
787800,32,0
787900,32,0
788000,30,0
788100,30,0
788200,30,0
788300,30,0
788400,30,0
788500,30,0
788600,30,0
788700,30,0
788800,30,0
788900,30,0
789000,30,0
789100,30,0
789200,30,0
789300,30,0
789400,30,0
789500,30,0
789600,30,0
789700,30,0
789800,32,0
789900,30,0
790000,30,0
790100,32,0
790200,32,0
790300,34,0
790400,34,0
790500,32,0
790600,32,0
790700,30,0
790800,30,0
790900,32,0
791000,32,0
791100,32,0
791200,30,0
791300,32,0
791400,32,0
791500,34,0
791600,34,0
791700,36,0
791800,36,0
791900,36,0
792000,34,0
792100,34,0
792200,34,0
792300,34,0
792400,36,0
792500,36,0
792600,36,0
792700,36,0
792800,38,0
792900,38,0
793000,38,0
793100,36,0
793200,36,0
793300,36,0
793400,36,0
793500,38,0
793600,38,0
793700,38,0
793800,36,0
793900,36,0
794000,36,0
794100,34,0
794200,34,0
794300,36,0
794400,38,0
794500,38,0
794600,38,0
794700,36,0
794800,36,0
794900,38,0
795000,38,0
795100,38,0
795200,40,0
795300,40,0
795400,40,0
795500,40,0
795600,42,0
795700,42,0
795800,44,0
795900,44,0
796000,44,0
796100,46,0
796200,48,0
796300,48,0
796400,48,0
796500,48,0
796600,46,0
796700,48,0
796800,48,0
796900,48,0
797000,50,0
797100,52,0
797200,52,0
797300,52,0
797400,50,0
797500,50,0
797600,50,0
797700,52,0
797800,52,0
797900,52,0
798000,52,0
798100,50,0
798200,50,0
798300,50,0
798400,50,0
798500,52,0
798600,50,0
798700,50,0
798800,50,0
798900,50,0
799000,52,0
799100,52,0
799200,54,0
799300,54,0
799400,54,0
799500,54,0
799600,52,0
799700,52,0
799800,52,0
799900,50,0
